Hero,Abathur,Alarak,Alexstrasza,Ana,Anub'arak,Artanis,Arthas,Auriel,Azmodan,Blaze,Brightwing,Cassia,Chen,Cho,Chromie,D.Va,Deckard,Dehaka,Diablo,E.T.C.,Falstad,Fenix,Gall,Garrosh,Gazlowe,Genji,Greymane,Gul'dan,Hanzo,Illidan,Jaina,Johanna,Junkrat,Kael'thas,Kel'Thuzad,Kerrigan,Kharazim,Leoric,Li Li,Li-Ming,Lt. Morales,Lunara,Lúcio,Maiev,Mal'Ganis,Malfurion,Malthael,Medivh,Mephisto,Muradin,Murky,Nazeebo,Nova,Orphea,Probius,Ragnaros,Raynor,Rehgar,Rexxar,Samuro,Sgt. Hammer,Sonya,Stitches,Stukov,Sylvanas,Tassadar,The Butcher,The Lost Vikings,Thrall,Tracer,Tychus,Tyrael,Tyrande,Uther,Valeera,Valla,Varian,Whitemane,Xul,Yrel,Zagara,Zarya,Zeratul,Zul'jin
Abathur,0:0,1947:936,2643:1241,3173:1451,2505:1075,3539:1544,3187:1377,1313:585,3152:1456,1324:674,4586:2112,3259:1336,439:217,407:201,1415:672,754:364,2554:1335,3524:1634,6722:3223,2694:1222,2865:1225,2676:1225,407:201,2979:1465,638:264,2946:1470,1936:904,2367:1179,3082:1573,1278:634,4149:1720,4009:1813,1552:809,4492:2052,1740:832,2624:1008,1572:730,1463:670,4043:1648,4388:2183,920:414,1399:650,1475:681,1487:750,504:210,1544:784,1174:516,1163:608,2594:1398,6214:2842,728:297,3333:1476,866:416,0:0,254:123,1048:515,4630:1906,1750:784,349:170,786:319,692:282,2405:1060,3059:1479,1813:849,1639:701,481:228,947:406,397:167,3024:1384,868:407,1373:649,1102:506,3360:1467,1252:583,752:362,2244:1019,4905:2119,3495:1611,798:337,1955:928,1399:587,1708:753,1796:829,1695:808
Alarak,1947:1011,0:0,4556:2424,5716:2637,4136:1986,6239:2987,4492:2116,2436:1276,4879:2193,2124:1125,6335:3216,4678:2111,654:381,551:226,2508:1271,1256:676,4166:2163,3983:2051,10445:5399,4150:2044,3422:1686,4248:2097,551:226,5163:2690,1004:467,4800:2630,3063:1621,4345:2296,5241:2901,1845:955,6894:3281,6724:3411,3053:1527,8199:4026,3502:1631,4736:2054,2311:1253,3091:1539,6148:2920,7289:3882,1707:851,2284:1114,2445:1313,2805:1376,893:391,2676:1357,2210:1115,1818:1016,4020:2054,10851:5519,1022:496,5542:2669,1263:681,0:0,353:159,1806:921,8204:4013,2727:1337,658:335,1375:664,1018:510,3812:1898,5562:2819,3265:1650,2721:1408,699:424,1414:739,304:165,5982:2966,1312:717,2499:1282,1796:859,5560:2553,2010:1079,1114:561,4178:2222,7866:3879,5711:2919,1202:568,3187:1634,1770:857,3040:1619,3052:1566,3252:1589
Alexstrasza,2643:1402,4556:2132,0:0,8970:4033,5634:2581,8463:3826,6204:2965,3514:1701,6644:2982,3000:1629,9836:4806,6310:2815,906:467,1058:455,3290:1546,1756:863,6262:3293,5121:2629,14519:7090,5696:2728,4503:2138,5657:2658,1058:455,6704:3410,1503:702,5505:2809,4258:2222,6172:3095,6261:3351,2337:1126,9497:4351,9167:4397,4113:2027,10658:5029,4401:1952,5381:2254,3321:1676,4547:2116,9703:4387,9324:5003,2350:1180,3102:1514,3377:1681,3316:1658,955:384,3702:1851,3286:1527,2180:1151,5472:2696,14372:7051,1300:606,7743:3630,1576:829,0:0,488:226,2525:1226,10683:4825,3762:1796,905:423,1534:671,1421:666,5483:2596,7458:3634,4590:2121,3817:1828,1000:530,1980:923,393:207,6825:3222,1856:927,4123:2076,2390:1125,7428:3304,2640:1383,1388:685,5730:2796,10688:4950,8776:4409,1788:839,4191:2129,2509:1141,4081:1976,3498:1705,4172:1907
Ana,3173:1722,5716:3079,8970:4937,0:0,6947:3491,9959:4878,7211:3896,4260:2350,7874:3968,3694:2148,11655:6151,7488:3624,1157:671,1357:637,3909:2084,1932:1082,7579:4324,6503:3567,17945:9851,6573:3537,5568:2794,6938:3649,1357:637,8647:4757,1724:909,6548:3588,5366:2917,7253:4157,8231:4691,2577:1254,11152:5688,10935:5768,4738:2639,12545:6758,5484:2800,6306:2931,4115:2116,5277:2957,10731:5331,11100:6250,3039:1586,3748:1989,4164:2301,4120:2235,2106:1031,4578:2500,3939:2182,2639:1504,6296:3544,17460:9318,1459:708,8636:4522,1941:1036,0:0,638:342,2863:1547,12885:6584,4725:2404,1031:577,1919:877,1750:961,6508:3424,8896:4888,5610:3039,4123:2121,1049:640,2182:1109,418:220,8663:4569,2293:1189,4800:2616,2925:1443,10324:5116,2958:1647,1701:919,6652:3558,12279:6434,11387:6304,1981:1000,5193:2999,2995:1504,4485:2441,4369:2217,5039:2587
Anub'arak,2505:1430,4136:2150,5634:3053,6947:3456,0:0,7781:3850,5736:2812,3272:1717,5690:2783,2659:1517,7796:4155,5477:2623,816:450,1981:1003,3504:1877,1540:829,5032:2807,4861:2619,14488:7595,5521:2795,3979:2025,4794:2381,1981:1003,6006:3389,1338:700,5668:3223,3540:1851,5612:3091,5513:3207,2040:1038,8833:4397,8637:4396,3224:1815,11052:5800,4604:2242,5099:2131,2723:1350,3633:1859,8236:4020,9951:5800,2216:1233,2874:1552,3067:1693,2867:1518,1053:488,3304:1861,2475:1229,2012:1099,5083:2705,14731:7963,1073:528,6956:3788,1509:851,0:0,435:230,2092:1076,8704:4289,3356:1708,731:397,1220:555,1210:629,4823:2480,7036:3936,3862:2055,3196:1645,827:484,1900:1004,360:201,6019:3036,1748:933,3009:1633,2213:1135,6042:2937,2457:1324,1278:688,4760:2579,9813:4994,6876:3727,1454:712,3699:2042,2236:1164,3505:1836,3193:1623,3457:1811
Artanis,3539:1995,6239:3252,8463:4637,9959:5081,7781:3931,0:0,9926:4833,4950:2691,9483:4566,4316:2518,12096:6405,9226:4342,1459:840,1338:659,4854:2566,2768:1501,8037:4482,7714:4162,22169:11639,8082:4280,6266:3220,7952:3869,1338:659,9296:5204,2310:1157,8426:4711,6635:3631,8896:5035,8814:5008,3506:1881,14036:7043,14314:7379,4865:2673,14939:7584,6206:3047,8276:3742,4895:2595,6790:3468,14255:6736,14280:8177,3687:1992,4849:2583,5234:2861,4129:2169,1515:674,5394:3000,4766:2373,2768:1583,6826:3755,21486:11425,1792:900,11360:5826,2513:1399,0:0,713:383,3675:1957,16767:8443,5464:2742,1332:701,2347:1132,2359:1254,9370:4839,10929:5938,6359:3351,5797:3094,1361:823,3648:1972,448:243,10335:5136,2899:1623,5485:2983,3557:1853,9823:4816,3803:2036,2119:1155,10162:5365,18874:9541,10210:5440,2404:1168,6225:3427,3880:2051,5652:3021,4239:2244,6596:3440
Arthas,3187:1810,4492:2376,6204:3239,7211:3315,5736:2924,9926:5093,0:0,3297:1701,6316:3050,2942:1613,8999:4785,6912:3281,954:521,725:339,3309:1703,1753:922,5724:3152,5584:3102,17472:9288,5576:2898,4723:2327,5523:2691,725:339,6501:3427,1445:743,5967:3197,5493:3103,6292:3348,6149:3526,3981:2248,9842:4666,10337:5299,3686:1957,10484:5270,4284:1984,7654:3605,3534:1942,4436:2109,9178:4378,9395:5442,2491:1353,3276:1688,3673:2014,3481:1848,1201:564,3879:2143,2801:1381,2155:1164,4989:2773,16792:8973,1249:603,7653:3861,1785:973,0:0,521:271,2613:1365,10249:5050,4414:2314,863:442,1957:989,1379:696,5929:2923,7699:4073,4643:2552,3758:1968,1002:607,2517:1378,357:190,7445:3786,1900:1033,3794:1922,2568:1274,7256:3499,2883:1652,1757:965,5989:3166,12881:6935,7477:3951,1692:850,4315:2377,2543:1286,3891:1930,3490:1893,4220:2077
Auriel,1313:728,2436:1160,3514:1813,4260:1910,3272:1555,4950:2259,3297:1596,0:0,3682:1695,1445:765,4996:2482,3499:1560,498:273,663:284,1951:904,979:527,3129:1672,2595:1333,8172:4147,2883:1355,2420:1148,3031:1414,663:284,3553:1832,815:382,3259:1747,2500:1347,3154:1609,3276:1760,1313:687,5232:2456,5054:2491,2001:955,6312:2909,2374:1121,3301:1434,1985:1075,2823:1441,5813:2696,4958:2527,1327:637,1644:832,1866:950,1576:814,583:271,2012:1010,2090:1092,1085:579,2727:1384,7478:3832,642:337,4098:2031,961:446,0:0,291:152,1529:756,5635:2647,1933:942,525:259,817:407,743:350,2964:1450,4157:2104,2418:1185,2092:1010,497:282,1282:667,164:79,3569:1682,1029:571,2705:1437,1251:568,3860:1830,1459:779,789:413,3101:1600,5832:2908,4242:2160,954:471,2172:1124,1381:665,2038:1019,1793:932,2248:1023
Azmodan,3152:1696,4879:2686,6644:3662,7874:3906,5690:2907,9483:4917,6316:3266,3682:1987,0:0,3049:1790,9528:5183,6428:3329,1156:681,1325:594,4015:2265,2008:1189,6158:3513,5909:3183,15578:8429,6355:3381,5313:2737,6328:3230,1325:594,7182:4087,1831:980,6201:3482,4832:2727,7134:4042,7087:4112,2955:1602,10870:5555,9247:5118,4363:2503,11470:6163,5102:2497,6260:2882,3920:2096,5383:2760,9539:4911,10707:6221,2923:1594,3595:1963,4161:2312,3626:1952,1178:548,4268:2414,4205:2143,2205:1316,5528:2959,16168:8849,1594:772,10148:5528,1941:1129,0:0,602:331,3088:1623,11562:6021,4319:2199,1022:563,1941:990,1819:999,6273:3236,8392:4599,4891:2665,4791:2738,1173:728,2735:1473,448:230,7690:3919,2144:1207,4803:2717,2640:1365,7578:3751,2824:1680,1691:981,6742:3748,11365:5922,7723:4347,2141:1084,4495:2493,3160:1602,4149:2299,3904:1939,4842:2479
Blaze,1324:650,2124:999,3000:1371,3694:1546,2659:1142,4316:1798,2942:1329,1445:680,3049:1259,0:0,4105:1876,3097:1351,430:221,390:131,1544:718,864:389,2824:1344,2834:1369,7422:3442,2684:1237,2053:877,2934:1314,390:131,3319:1614,731:313,2870:1392,2047:981,3045:1460,2852:1393,1010:488,4729:2035,4782:2128,1834:918,5195:2310,2216:905,2786:1106,1524:675,2445:1033,4190:1745,4303:2130,1099:509,1577:730,1683:800,1852:837,567:241,1818:861,1693:779,1048:539,2642:1225,7380:3349,603:238,3649:1592,739:356,0:0,287:128,1287:546,4943:2059,1788:785,420:188,692:272,701:317,2727:1170,3502:1654,2243:1025,1781:820,445:236,932:449,151:67,3297:1364,907:443,2011:921,1154:502,3554:1496,1200:607,712:328,2628:1191,5282:2374,3684:1749,924:423,2357:1167,1288:535,1834:848,1545:683,1937:882
Brightwing,4586:2474,6335:3119,9836:5030,11655:5504,7796:3641,12096:5691,8999:4214,4996:2514,9528:4345,4105:2229,0:0,9325:4147,1335:728,1487:669,4950:2457,2400:1252,9036:4765,8825:4392,21818:10819,8169:4006,7664:3591,8541:3997,1487:669,9816:5230,2247:1087,10827:5798,6256:3258,8731:4579,8791:4756,3762:2037,14324:6725,13704:6633,5274:2784,15177:7208,6255:2858,10067:4234,5385:2670,5843:2749,16701:7794,13962:7619,3829:1958,4666:2220,5838:3049,4781:2308,1605:769,5993:3065,4215:1970,3148:1791,7375:3809,21214:10631,1902:943,10994:5348,2531:1294,0:0,737:357,3610:1790,14814:6959,6580:3172,1328:654,2374:1133,2047:1014,7988:4017,10874:5457,6768:3466,5485:2782,1473:883,3434:1763,664:334,9566:4500,3055:1628,5357:2802,3545:1693,11844:5376,4413:2280,2245:1198,8020:4096,15950:7801,12351:6236,2495:1211,6335:3349,4031:1916,5570:2826,5006:2510,5989:2875
Cassia,3259:1923,4678:2567,6310:3495,7488:3864,5477:2854,9226:4884,6912:3631,3499:1939,6428:3099,3097:1746,9325:5178,0:0,951:553,798:382,3566:1899,1889:1030,6083:3463,5550:3046,15456:8509,6095:3279,5014:2640,6048:3207,798:382,7110:4092,1652:847,6692:3895,4961:2985,6748:3763,6270:3625,3322:1969,10947:5352,9861:5307,3749:2040,11009:5593,4695:2234,6744:3222,3510:2075,4458:2280,9554:4944,10759:6278,2716:1501,3506:1885,3822:2185,3156:1744,968:443,4245:2376,3186:1678,2296:1364,5134:2906,15567:8542,1333:682,8443:4317,1901:1086,0:0,519:272,2638:1432,14872:7986,4192:2226,906:495,1792:959,1552:847,5839:3043,7860:4263,4717:2493,4181:2258,1105:693,3440:2062,383:217,7337:3865,2199:1349,4270:2403,2549:1298,7487:3752,2827:1606,1545:871,6950:3841,11698:6478,7882:4227,1909:1045,4459:2509,2751:1412,4090:2269,3349:1793,5536:3031
Chen,439:222,654:273,906:439,1157:486,816:366,1459:619,954:433,498:225,1156:475,430:209,1335:607,951:398,0:0,119:58,545:229,330:154,862:438,809:374,2180:1012,888:400,731:318,913:406,119:58,1039:486,248:108,946:510,637:274,939:472,962:471,403:176,1459:620,1368:640,581:291,1577:703,626:259,832:308,501:226,695:314,1402:573,1428:702,427:195,520:229,542:263,481:226,221:92,596:304,531:238,310:163,829:413,2257:1006,235:100,1157:537,303:135,0:0,98:46,408:188,1607:671,612:257,162:60,215:92,227:104,825:348,1189:581,666:310,606:281,149:73,309:143,60:28,1064:493,361:173,654:305,377:168,1017:399,406:193,232:107,911:421,1762:754,1199:567,263:104,676:348,568:271,598:282,588:252,658:283
Cho,407:206,551:325,1058:603,1357:720,1981:978,1338:679,725:386,663:379,1325:731,390:259,1487:818,798:416,119:61,0:0,501:282,259:166,1028:600,768:432,2780:1547,713:397,670:357,827:413,0:0,1178:659,216:121,1017:543,1361:799,916:526,944:540,289:149,1264:644,1381:821,461:262,1760:989,649:356,1028:522,1596:831,2490:1339,1365:715,1253:723,389:204,466:249,519:266,457:258,235:134,523:303,2370:1234,271:162,898:546,2257:1266,191:87,1080:589,175:93,0:0,92:57,425:248,1887:964,509:258,140:72,203:100,203:124,682:371,1234:708,746:379,573:295,128:87,343:180,67:35,771:410,252:144,3560:2021,284:144,1142:622,313:173,190:98,1017:566,1656:880,1447:861,244:141,612:345,390:210,503:262,388:203,630:337
Chromie,1415:743,2508:1237,3290:1744,3909:1825,3504:1627,4854:2288,3309:1606,1951:1047,4015:1750,1544:826,4950:2493,3566:1667,545:316,501:219,0:0,1099:578,3202:1683,3033:1539,8305:4246,3075:1514,2549:1178,3183:1480,501:219,3767:1999,939:446,3403:1814,2345:1171,3923:2073,3090:1643,1390:679,6139:2874,5389:2650,2176:1136,6688:3258,2610:1248,3311:1482,1917:934,2207:1031,5747:2599,6493:3325,1577:772,1879:953,2181:1099,1702:887,801:342,2133:1120,1612:783,1224:646,3028:1631,8012:3969,747:332,4818:2282,1263:585,0:0,295:139,1518:726,6015:2849,2434:1157,585:291,994:423,1591:880,3146:1558,4812:2394,2515:1242,2473:1229,565:326,1491:704,194:93,3530:1687,1480:730,1956:1009,1467:718,3678:1656,1673:875,1021:502,3230:1682,6250:2973,4122:2136,1024:506,2346:1211,1556:711,2196:1164,1955:932,2349:1174
D.Va,754:390,1256:580,1756:893,1932:850,1540:711,2768:1267,1753:831,979:452,2008:819,864:475,2400:1148,1889:859,330:176,259:93,1099:521,0:0,1743:930,1611:782,4427:2095,1589:746,1327:595,1757:773,259:93,1936:1004,478:207,1746:932,1199:584,1882:972,1658:823,714:352,2937:1456,2701:1264,1138:548,3086:1398,1258:568,1717:760,1032:515,1245:558,2925:1212,2883:1457,782:374,1033:504,1165:573,831:423,311:144,1091:562,831:391,598:344,1614:798,4372:2100,416:189,2484:1175,592:294,0:0,170:81,792:379,3234:1401,1149:537,279:139,476:224,507:243,1714:799,2291:1148,1482:721,1256:634,292:170,782:362,106:44,1949:906,607:301,995:502,767:344,1955:898,818:427,445:206,1811:881,3502:1630,2140:1046,551:282,1307:667,778:367,1249:621,930:444,1316:571
Deckard,2554:1219,4166:2003,6262:2969,7579:3255,5032:2225,8037:3555,5724:2572,3129:1457,6158:2645,2824:1480,9036:4271,6083:2620,862:424,1028:428,3202:1519,1743:813,0:0,5132:2465,13719:6481,5313:2485,4316:1862,5272:2375,1028:428,6559:3301,1372:600,5373:2650,4061:2008,6043:2962,5642:2830,2159:963,8936:3903,8986:4141,3480:1751,9733:4575,4112:1846,5082:2005,3001:1435,3958:1710,9282:4081,9080:4480,2284:1079,3001:1389,3301:1638,3074:1461,1028:434,3609:1835,2870:1228,2052:1049,4832:2386,13664:6308,1177:494,7318:3328,1571:785,0:0,481:217,2372:1146,9699:4308,3725:1708,846:397,1524:638,1392:641,5085:2284,7130:3447,4785:2213,3503:1620,854:434,1935:883,338:157,6433:2865,1878:857,3366:1574,2176:941,7325:3112,2411:1183,1410:655,5391:2536,10128:4689,8021:3948,1562:737,4080:2037,2487:1081,3463:1704,3160:1422,3881:1760
Dehaka,3524:1890,3983:1932,5121:2492,6503:2936,4861:2242,7714:3552,5584:2482,2595:1262,5909:2726,2834:1465,8825:4433,5550:2504,809:435,768:336,3033:1494,1611:829,5132:2667,0:0,13656:6701,5154:2529,5979:2811,5121:2350,768:336,6138:3162,1298:595,5432:2866,3760:1940,5017:2574,5792:3060,2269:1151,8355:3698,8370:4068,3204:1611,8880:4372,3845:1715,5052:2129,2970:1477,4165:1961,7688:3521,8726:4701,2011:1023,2748:1341,2993:1574,2918:1425,1012:460,3289:1688,3234:1553,2023:1056,4689:2354,13539:6743,1340:641,6358:3038,1525:794,0:0,421:195,2025:953,8998:4092,3516:1633,813:404,1609:731,1065:520,5306:2489,6773:3389,3767:1863,3080:1554,793:460,1627:836,468:227,6356:2996,1854:1001,3758:1947,2146:1003,6578:2947,2217:1103,1378:729,4740:2294,10022:4777,6826:3431,1473:721,4310:2231,2546:1182,3384:1682,3133:1521,3549:1684
Diablo,6722:3499,10445:5046,14519:7429,17945:8094,14488:6893,22169:10530,17472:8184,8172:4025,15578:7149,7422:3980,21818:10999,15456:6947,2180:1168,2780:1233,8305:4059,4427:2332,13719:7238,13656:6955,0:0,15762:7768,11468:5616,13527:6542,2780:1233,19653:10156,3793:1835,14432:7827,10804:5573,14911:7684,15392:8318,5587:2800,23313:11026,28974:14010,8773:4597,25281:12075,11040:4942,13358:5488,8403:4178,12922:6051,21980:10043,22738:12323,5897:2981,7746:3866,8419:4369,7505:3607,2674:1144,9110:4717,9146:4140,4991:2819,12363:6142,46467:23359,3116:1494,19159:9364,4076:2126,0:0,1178:564,6153:2995,25604:12017,9487:4616,2221:1140,3841:1733,3428:1694,13508:6686,21575:11104,10672:5305,9198:4621,2321:1338,4967:2346,939:479,16519:7978,4745:2497,12797:6502,6298:3027,17005:7749,6489:3402,3414:1759,14639:7496,27540:13188,18068:9106,4204:2060,10483:5427,6493:3043,9403:4784,7793:3834,10370:4772
E.T.C.,2694:1472,4150:2106,5696:2968,6573:3036,5521:2726,8082:3802,5576:2678,2883:1528,6355:2974,2684:1447,8169:4163,6095:2816,888:488,713:316,3075:1561,1589:843,5313:2828,5154:2625,15762:7994,0:0,4663:2276,5134:2518,713:316,6784:3650,1369:627,6007:3308,4024:2096,5697:3047,5825:3104,2331:1222,8764:4086,9488:4713,3544:1875,9461:4665,3832:1745,5751:2558,3020:1547,3288:1616,8533:4051,9392:5080,2250:1175,3025:1522,3291:1736,2973:1541,1120:476,3424:1709,2375:1162,2034:1148,4772:2533,16251:8266,1215:583,7076:3463,1632:868,0:0,471:223,2302:1135,9579:4462,3613:1787,805:403,1485:690,1263:630,5178:2620,7230:3710,4162:2068,3479:1750,882:497,2021:1043,327:167,6451:3190,1923:1044,2909:1492,2250:1108,6559:3052,2418:1258,1484:758,5343:2759,10288:5129,7163:3811,1597:780,3925:2075,2422:1180,3359:1755,3444:1765,3658:1696
Falstad,2865:1640,3422:1736,4503:2365,5568:2774,3979:1954,6266:3046,4723:2396,2420:1272,5313:2576,2053:1176,7664:4073,5014:2374,731:413,670:313,2549:1371,1327:732,4316:2454,5979:3168,11468:5852,4663:2387,0:0,4548:2245,670:313,5173:2898,1266:646,5088:2709,3477:1851,4627:2536,5090:2874,2095:1102,7868:3898,7044:3625,2837:1575,8123:4223,3323:1678,4623:2116,2636:1368,3061:1600,7117:3437,8175:4680,1829:1013,2718:1400,2823:1553,2564:1358,1014:511,2844:1598,2317:1206,1665:957,3955:2066,11407:6022,1096:555,6223:3196,1454:772,0:0,400:206,1782:930,8963:4375,3158:1578,643:328,1404:683,947:487,4093:2184,5864:3213,3325:1747,2933:1615,724:463,1617:847,397:223,5386:2704,1630:890,2815:1511,1884:927,5384:2595,1963:1031,1165:627,4526:2442,8453:4284,5725:3009,1274:626,3225:1762,2478:1235,2711:1449,2868:1434,3315:1617
Fenix,2676:1451,4248:2151,5657:2999,6938:3289,4794:2413,7952:4083,5523:2832,3031:1617,6328:3098,2934:1620,8541:4544,6048:2841,913:507,827:414,3183:1703,1757:984,5272:2897,5121:2771,13527:6985,5134:2616,4548:2303,0:0,827:414,6636:3535,1407:721,5915:3232,4132:2262,6171:3323,6300:3385,2180:1096,9289:4618,8878:4478,3640:2000,10369:5362,4380:2000,5453:2417,3123:1637,3934:2114,8081:3971,9084:5107,2360:1252,3084:1642,3363:1829,3116:1650,1011:489,3629:1964,2931:1571,2079:1233,5069:2552,13724:7356,1151:579,7429:3904,1560:853,0:0,481:262,2567:1361,11454:5815,3603:1916,945:494,1416:700,1409:728,5245:2790,6858:3812,4260:2271,3631:1927,828:472,1964:1035,350:196,6723:3381,1829:1034,3599:1985,2144:1119,6691:3239,2223:1225,1303:717,5634:3033,11560:5744,7086:3783,1695:852,4111:2241,2604:1273,3478:1793,3140:1616,4102:2027
Gall,407:206,551:325,1058:603,1357:720,1981:978,1338:679,725:386,663:379,1325:731,390:259,1487:818,798:416,119:61,0:0,501:282,259:166,1028:600,768:432,2780:1547,713:397,670:357,827:413,0:0,1178:659,216:121,1017:543,1361:799,916:526,944:540,289:149,1264:644,1381:821,461:262,1760:989,649:356,1028:522,1596:831,2490:1339,1365:715,1253:723,389:204,466:249,519:266,457:258,235:134,523:303,2370:1234,271:162,898:546,2257:1266,191:87,1080:589,175:93,0:0,92:57,425:248,1887:964,509:258,140:72,203:100,203:124,682:371,1234:708,746:379,573:295,128:87,343:180,67:35,771:410,252:144,3560:2021,284:144,1142:622,313:173,190:98,1017:566,1656:880,1447:861,244:141,612:345,390:210,503:262,388:203,630:337
Garrosh,2979:1514,5163:2473,6704:3294,8647:3890,6006:2617,9296:4092,6501:3074,3553:1721,7182:3095,3319:1705,9816:4586,7110:3018,1039:553,1178:519,3767:1768,1936:932,6559:3258,6138:2976,19653:9497,6784:3134,5173:2275,6636:3101,1178:519,0:0,1627:739,6760:3477,4635:2335,6979:3492,7480:3748,2407:1141,10916:4776,11738:5423,4524:2194,11345:5225,5220:2320,6395:2577,3648:1635,4936:2222,9451:4192,10804:5617,2646:1221,3652:1713,3739:1836,3721:1756,1259:567,4207:2140,3854:1720,2938:1540,5537:2703,19648:9368,1399:606,8206:3674,1848:848,0:0,575:281,2648:1296,11624:5177,4355:1959,1025:499,1758:745,1569:742,5836:2881,8427:4024,4998:2409,3981:1837,977:543,2085:1026,438:215,7769:3670,2213:1095,3997:1937,2826:1230,8227:3542,2792:1333,1596:802,6282:3009,11725:5411,8468:4249,1918:853,4954:2482,2808:1198,4190:2039,3982:1821,4756:2214
Gazlowe,638:374,1004:537,1503:801,1724:815,1338:638,2310:1153,1445:702,815:433,1831:851,731:418,2247:1160,1652:805,248:140,216:95,939:493,478:271,1372:772,1298:703,3793:1958,1369:742,1266:620,1407:686,216:95,1627:888,0:0,1562:895,1016:506,1625:871,1362:746,652:330,2611:1301,2361:1222,922:502,2685:1321,1029:505,1588:747,920:485,924:456,2559:1187,2440:1359,717:360,870:419,954:497,730:382,359:174,1031:586,600:293,492:280,1184:625,3497:1815,368:183,2518:1253,501:261,0:0,137:63,743:382,2812:1394,996:511,247:145,419:202,452:221,1432:730,1960:1008,1125:579,1219:642,276:169,721:370,85:49,1706:877,534:305,832:448,636:327,1584:778,698:386,412:221,1533:795,2861:1439,1750:954,517:251,1045:575,843:405,856:443,722:340,1063:545
Genji,2946:1476,4800:2170,5505:2696,6548:2960,5668:2445,8426:3715,5967:2770,3259:1512,6201:2719,2870:1478,10827:5029,6692:2797,946:436,1017:474,3403:1589,1746:814,5373:2723,5432:2566,14432:6605,6007:2699,5088:2379,5915:2683,1017:474,6760:3283,1562:667,0:0,4971:2378,6444:3194,6084:3119,2469:1205,9771:4224,8929:4110,3505:1719,10760:4913,3971:1878,5575:2121,3251:1559,3645:1654,9000:3691,9994:5073,2187:1059,3424:1668,3316:1583,3573:1709,1017:423,3609:1791,2839:1208,2184:1098,5121:2487,14027:6659,1260:579,7623:3561,1738:881,0:0,476:219,2524:1231,11547:5031,3884:1767,843:380,1742:741,1401:659,5655:2522,6980:3386,4302:2027,3921:1786,1014:580,2162:1005,413:198,7465:3319,2028:1048,3254:1620,2494:1044,6833:2927,4103:1909,2052:1014,5840:2703,14080:6541,7021:3277,1781:747,4330:2110,2603:1176,4008:1874,3649:1752,4451:1979
Greymane,1936:1032,3063:1442,4258:2036,5366:2449,3540:1689,6635:3004,5493:2390,2500:1153,4832:2105,2047:1066,6256:2998,4961:1976,637:363,1361:562,2345:1174,1199:615,4061:2053,3760:1820,10804:5231,4024:1928,3477:1626,4132:1870,1361:562,4635:2300,1016:510,4971:2593,0:0,4108:2087,5417:2841,1648:804,6770:3061,6774:3120,2648:1359,7350:3366,3090:1346,4047:1662,2360:1142,2920:1337,6436:2769,7274:3794,1689:818,2456:1150,2410:1154,2369:1096,751:313,2679:1384,2290:1063,1513:785,3779:1943,10331:5039,925:459,5381:2597,1146:577,0:0,410:178,1681:815,8206:3630,2845:1318,610:282,1186:512,919:423,3930:2001,5054:2476,3124:1472,2769:1329,646:341,1400:661,298:155,5350:2412,1489:734,2693:1285,1696:807,5351:2386,1864:932,1052:539,5086:2426,7424:3303,5452:2715,1141:506,2974:1536,1762:760,2628:1239,2567:1185,3022:1424
Gul'dan,2367:1188,4345:2049,6172:3077,7253:3096,5612:2521,8896:3861,6292:2944,3154:1545,7134:3092,3045:1585,8731:4152,6748:2985,939:467,916:390,3923:1850,1882:910,6043:3081,5017:2443,14911:7227,5697:2650,4627:2091,6171:2848,916:390,6979:3487,1625:754,6444:3250,4108:2021,0:0,5719:3028,2119:1086,12558:5809,10238:4919,3944:1947,13798:6413,5309:2285,5778:2334,3164:1512,4350:1950,9983:4278,10725:5465,2605:1203,3421:1658,3853:1933,3069:1426,1106:452,4184:2074,3188:1464,2016:1077,5216:2521,14801:7015,1258:550,9145:4341,1772:831,0:0,549:273,3385:1648,11348:5085,4238:1954,1121:512,1612:703,1632:785,5953:2816,8086:3847,5097:2429,4434:2104,941:543,2370:1096,333:167,6844:3091,1955:1015,3763:1829,2304:1030,6737:2900,2651:1348,1445:721,5953:2883,11140:5067,7368:3601,1965:924,4329:2187,3008:1439,3837:1764,2687:1249,4359:1885
Hanzo,3082:1509,5241:2340,6261:2910,8231:3540,5513:2306,8814:3806,6149:2623,3276:1516,7087:2975,2852:1459,8791:4035,6270:2645,962:491,944:404,3090:1447,1658:835,5642:2812,5792:2732,15392:7074,5825:2721,5090:2216,6300:2915,944:404,7480:3732,1362:616,6084:2965,5417:2576,5719:2691,0:0,2681:1252,9372:4083,8535:3796,4536:2223,10930:4919,4629:2086,5729:2174,3469:1548,3987:1815,7805:3290,10771:5238,2298:1021,3407:1538,3195:1495,3942:1868,1122:451,3720:1742,3110:1398,2313:1207,5940:2874,15163:7007,1218:544,6942:3009,1715:796,0:0,485:220,2076:934,12368:5372,4025:1802,777:335,1668:738,1409:624,5369:2375,7479:3496,4343:1955,3173:1371,909:501,1709:768,381:182,7863:3431,2052:995,3604:1718,2572:1078,8157:3464,2376:1152,1577:725,6850:3148,10442:4552,8196:3927,1525:647,4486:2145,2371:1031,3801:1756,4908:2125,4557:2099
Illidan,1278:644,1845:890,2337:1211,2577:1323,2040:1002,3506:1625,3981:1733,1313:626,2955:1353,1010:522,3762:1725,3322:1353,403:227,289:140,1390:711,714:362,2159:1196,2269:1118,5587:2787,2331:1109,2095:993,2180:1084,289:140,2407:1266,652:322,2469:1264,1648:844,2119:1033,2681:1429,0:0,3802:1746,3823:1807,1394:747,4001:1844,1524:783,2451:996,1404:735,1390:707,4543:1766,3908:2089,866:451,1395:660,1382:694,1264:630,481:209,1383:760,1072:503,806:436,2116:1183,5467:2741,642:317,3078:1515,815:450,0:0,149:90,904:457,4413:2069,1424:697,376:198,833:394,607:298,2266:1035,2671:1398,1593:805,1720:776,396:237,1005:450,257:135,2848:1406,778:362,1273:599,960:471,2568:1273,1446:698,737:355,2243:1101,4641:2262,2950:1504,671:297,1490:789,1263:637,1492:764,1769:863,1607:819
Jaina,4149:2429,6894:3613,9497:5146,11152:5464,8833:4436,14036:6993,9842:5176,5232:2776,10870:5315,4729:2694,14324:7599,10947:5595,1459:839,1264:620,6139:3265,2937:1481,8936:5033,8355:4657,23313:12287,8764:4678,7868:3970,9289:4671,1264:620,10916:6140,2611:1310,9771:5547,6770:3709,12558:6749,9372:5289,3802:2056,0:0,15842:8079,6080:3351,21267:10914,7617:3824,9620:4395,5456:2880,6749:3311,15828:7805,19478:10844,4151:2229,5521:2867,5926:3268,4727:2492,1759:812,6205:3478,4798:2573,3148:1766,8280:4590,23152:12436,1990:1025,14094:7101,2977:1608,0:0,811:440,4394:2341,17737:8975,6456:3357,1467:766,2524:1223,2389:1191,9154:4896,12202:6701,7190:3842,6830:3603,1519:916,3925:2114,578:313,10752:5622,3168:1698,6184:3284,3956:1956,10538:5191,4262:2343,2475:1371,10174:5430,17862:9389,11580:6276,3011:1585,6687:3723,4387:2236,5936:3153,4948:2622,6786:3453
Johanna,4009:2196,6724:3313,9167:4770,10935:5167,8637:4241,14314:6935,10337:5038,5054:2563,9247:4129,4782:2654,13704:7071,9861:4554,1368:728,1381:560,5389:2739,2701:1437,8986:4845,8370:4302,28974:14964,9488:4775,7044:3419,8878:4400,1381:560,11738:6315,2361:1139,8929:4819,6774:3654,10238:5319,8535:4739,3823:2016,15842:7763,0:0,5456:2836,15754:7601,7186:3493,9402:4164,5236:2719,6171:3042,14473:6799,14640:7997,4026:2164,5257:2609,5777:3092,4891:2543,1818:777,6283:3283,4252:2168,3127:1700,7063:3726,28155:14428,1862:858,12259:5964,2663:1376,0:0,763:377,3867:2001,19476:9743,6333:3060,1372:701,2621:1222,2407:1218,8895:4360,13189:6665,7198:3684,6142:3239,1530:936,4292:2322,556:296,10335:4982,3278:1787,5058:2731,3671:1771,11053:5307,4085:2176,2368:1286,10050:5217,18970:9541,11209:5701,2909:1477,6826:3650,4141:2010,5863:3024,4590:2241,7766:3882
Junkrat,1552:743,3053:1526,4113:2086,4738:2099,3224:1409,4865:2192,3686:1729,2001:1046,4363:1860,1834:916,5274:2490,3749:1709,581:290,461:199,2176:1040,1138:590,3480:1729,3204:1593,8773:4176,3544:1669,2837:1262,3640:1640,461:199,4524:2330,922:420,3505:1786,2648:1289,3944:1997,4536:2313,1394:647,6080:2729,5456:2620,0:0,6801:3208,2842:1301,3690:1542,2053:942,2512:1183,4985:2172,5871:2882,1440:687,2077:969,2105:999,2315:1169,619:285,2302:1167,1843:856,1549:847,3506:1736,9003:4293,772:340,4836:2207,1084:504,0:0,306:138,1608:731,7023:3226,2323:1073,587:266,965:406,1033:503,3332:1519,4639:2177,2712:1252,2270:1021,571:325,1290:599,216:113,4465:2000,1201:580,2176:1078,1563:702,4435:1888,1531:816,918:426,3145:1519,6557:2970,4771:2318,1102:534,2635:1312,1532:684,2466:1212,2434:1047,2708:1278
Kael'thas,4492:2440,8199:4173,10658:5629,12545:5787,11052:5252,14939:7355,10484:5214,6312:3403,11470:5307,5195:2885,15177:7969,11009:5416,1577:874,1760:771,6688:3430,3086:1688,9733:5158,8880:4508,25281:13206,9461:4796,8123:3900,10369:5007,1760:771,11345:6120,2685:1364,10760:5847,7350:3984,13798:7385,10930:6011,4001:2157,21267:10353,15754:8153,6801:3593,0:0,9119:4256,10161:4523,5570:2994,7307:3631,15004:7282,19302:10564,4444:2293,5720:2893,6239:3455,5445:2888,1941:870,6471:3521,4920:2422,3852:2171,9627:5022,25136:12863,2241:1001,15022:7516,3267:1676,0:0,896:463,4697:2351,19105:9376,6799:3350,1604:831,2704:1261,2396:1275,9767:4984,13616:7007,7970:4148,6714:3534,1720:1028,3794:1918,587:316,11930:5868,3536:1920,6251:3342,4325:2201,11932:5420,4652:2464,2773:1460,10195:5513,18868:9662,12706:6668,3051:1572,7281:3931,4532:2142,6919:3617,5969:2980,7592:3686
Kel'Thuzad,1740:908,3502:1871,4401:2449,5484:2684,4604:2362,6206:3159,4284:2300,2374:1253,5102:2605,2216:1311,6255:3397,4695:2461,626:367,649:293,2610:1362,1258:690,4112:2266,3845:2130,11040:6098,3832:2087,3323:1645,4380:2380,649:293,5220:2900,1029:524,3971:2093,3090:1744,5309:3024,4629:2543,1524:741,7617:3793,7186:3693,2842:1541,9119:4863,0:0,4330:2050,2350:1218,3011:1532,6316:3249,7529:4062,1802:1022,2312:1179,2447:1329,2385:1199,913:465,2732:1573,2244:1166,2008:1124,4120:2119,10632:5602,762:344,5777:3013,1235:630,0:0,345:172,1977:1065,7845:4245,3092:1601,698:389,1045:504,995:534,4101:2169,5773:3211,3261:1805,2693:1383,649:393,1300:722,234:119,5229:2758,1615:816,2680:1507,1823:925,5275:2530,2166:1136,1069:552,3915:2097,7832:4190,5901:3249,1268:689,3245:1832,1836:937,2846:1638,2589:1254,3175:1687
Kerrigan,2624:1616,4736:2682,5381:3127,6306:3375,5099:2968,8276:4534,7654:4049,3301:1867,6260:3378,2786:1680,10067:5833,6744:3522,832:524,1028:506,3311:1829,1717:957,5082:3077,5052:2923,13358:7870,5751:3193,4623:2507,5453:3036,1028:506,6395:3818,1588:841,5575:3454,4047:2385,5778:3444,5729:3555,2451:1455,9620:5225,9402:5238,3690:2148,10161:5638,4330:2280,0:0,3059:1807,3783:2068,9428:4952,9822:5896,2187:1280,3119:1804,3300:1968,3352:1943,789:345,3594:2149,2526:1425,2589:1581,4825:2900,13126:7470,1280:707,7966:4594,1615:948,0:0,501:294,2503:1401,10307:5550,3558:2013,918:529,1619:875,1330:715,5236:2992,6797:3992,4030:2322,3946:2183,930:608,2243:1246,371:232,6811:3839,2075:1239,3130:1838,2475:1366,6147:3277,3168:1848,1526:919,5936:3371,11965:6734,6869:3987,1779:945,3946:2323,2405:1340,4097:2329,3085:1734,3972:2212
Kharazim,1572:842,2311:1058,3321:1645,4115:1999,2723:1373,4895:2300,3534:1592,1985:910,3920:1824,1524:849,5385:2715,3510:1435,501:275,1596:765,1917:983,1032:517,3001:1566,2970:1493,8403:4225,3020:1473,2636:1268,3123:1486,1596:765,3648:2013,920:435,3251:1692,2360:1218,3164:1652,3469:1921,1404:669,5456:2576,5236:2517,2053:1111,5570:2576,2350:1132,3059:1252,0:0,2191:1037,5956:2649,5570:3038,1342:718,1902:932,1974:968,1621:804,563:241,2054:1041,1679:823,1118:619,2696:1363,7773:3887,797:368,4235:2079,1142:582,0:0,300:151,1286:629,5788:2719,2173:1105,523:258,950:419,863:429,2938:1484,4106:2106,2381:1245,2202:1187,533:304,1309:676,259:142,3740:1820,1302:701,2025:1033,1327:631,4160:1946,1674:873,945:513,3490:1768,5931:2743,4145:2101,1039:501,2280:1090,1541:747,2076:1049,1974:1014,2277:1130
Leoric,1463:793,3091:1552,4547:2431,5277:2320,3633:1774,6790:3322,4436:2327,2823:1382,5383:2623,2445:1412,5843:3094,4458:2178,695:381,2490:1151,2207:1176,1245:687,3958:2248,4165:2204,12922:6871,3288:1672,3061:1461,3934:1820,2490:1151,4936:2714,924:468,3645:1991,2920:1583,4350:2400,3987:2172,1390:683,6749:3438,6171:3129,2512:1329,7307:3676,3011:1479,3783:1715,2191:1154,0:0,6278:3074,6136:3334,1650:854,2130:1039,2384:1274,2105:1118,907:409,2655:1454,2223:1131,1452:805,3333:1772,9861:5146,737:337,5228:2610,1098:592,0:0,317:152,1831:958,6949:3291,2616:1312,650:320,927:414,901:451,4257:2194,5406:2889,3144:1697,2369:1166,597:346,1423:743,211:114,4554:2270,1258:604,3042:1579,1603:789,4607:2178,1834:1034,969:547,3947:1995,7807:3845,4893:2445,1247:621,3502:1911,1611:756,2644:1412,2222:1134,2730:1288
Li Li,4043:2395,6148:3228,9703:5316,10731:5400,8236:4216,14255:7519,9178:4800,5813:3117,9539:4628,4190:2445,16701:8907,9554:4610,1402:829,1365:650,5747:3148,2925:1713,9282:5201,7688:4167,21980:11937,8533:4482,7117:3680,8081:4110,1365:650,9451:5259,2559:1372,9000:5309,6436:3667,9983:5705,7805:4515,4543:2777,15828:8023,14473:7674,4985:2813,15004:7722,6316:3067,9428:4476,5956:3307,6278:3204,0:0,15179:8857,5152:2789,5112:2897,7288:4039,3739:2099,1651:754,6982:3892,4272:2242,2768:1625,6563:3639,21471:11798,2079:1123,13057:6971,3013:1712,0:0,711:387,3960:2178,19023:9798,7140:3674,1343:721,2510:1281,2571:1358,8675:4496,11300:6315,7755:4137,6911:3815,1696:1116,4431:2421,520:295,9610:4982,3544:2161,5609:3168,3744:1972,10500:5449,5147:2926,2292:1314,10618:5922,18134:9664,11286:5960,2783:1474,5700:3233,4189:2230,5762:3123,4440:2286,7144:3794
Li-Ming,4388:2205,7289:3407,9324:4321,11100:4850,9951:4151,14280:6103,9395:3953,4958:2431,10707:4486,4303:2173,13962:6343,10759:4481,1428:726,1253:530,6493:3168,2883:1426,9080:4600,8726:4025,22738:10415,9392:4312,8175:3495,9084:3977,1253:530,10804:5187,2440:1081,9994:4921,7274:3480,10725:5260,10771:5533,3908:1819,19478:8634,14640:6643,5871:2989,19302:8738,7529:3467,9822:3926,5570:2532,6136:2802,15179:6322,0:0,3923:1777,5681:2621,5774:2694,5092:2391,1865:745,6156:2972,4685:2006,3117:1612,8527:4075,23033:10822,2048:935,12752:5650,3017:1442,0:0,818:381,3542:1614,17786:7640,6266:2677,1323:616,2573:1014,2586:1250,8556:3796,11979:5519,6927:3101,6333:2865,1529:799,3665:1686,632:268,11047:4815,3609:1627,5898:2754,3868:1686,11279:4842,4205:1999,2544:1171,10674:5048,17660:7705,11643:5446,2613:1131,6516:3062,4142:1713,5915:2806,5501:2453,6812:3152
Lt. Morales,920:506,1707:856,2350:1170,3039:1453,2216:983,3687:1695,2491:1138,1327:690,2923:1329,1099:590,3829:1871,2716:1215,427:232,389:185,1577:805,782:408,2284:1205,2011:988,5897:2916,2250:1075,1829:816,2360:1108,389:185,2646:1425,717:357,2187:1128,1689:871,2605:1402,2298:1277,866:415,4151:1922,4026:1862,1440:753,4444:2151,1802:780,2187:907,1342:624,1650:796,5152:2363,3923:2146,0:0,1316:721,1570:823,1124:525,476:221,1445:775,1186:559,770:447,1991:1054,5813:2895,597:270,3361:1653,777:393,0:0,246:135,1096:511,4129:1875,1495:653,381:183,610:238,695:344,2248:1080,3148:1627,1743:859,1745:838,419:236,1037:501,139:70,2627:1307,895:446,1617:853,1004:485,2362:1062,1068:536,605:307,2434:1200,4393:2073,2996:1539,770:376,1613:826,1118:540,1540:764,1142:567,1705:785
Lunara,1399:749,2284:1170,3102:1588,3748:1759,2874:1322,4849:2266,3276:1588,1644:812,3595:1632,1577:847,4666:2446,3506:1621,520:291,466:217,1879:926,1033:529,3001:1612,2748:1407,7746:3880,3025:1503,2718:1318,3084:1442,466:217,3652:1939,870:451,3424:1756,2456:1306,3421:1763,3407:1869,1395:735,5521:2654,5257:2648,2077:1108,5720:2827,2312:1133,3119:1315,1902:970,2130:1091,5112:2215,5681:3060,1316:595,0:0,2045:1084,1634:851,610:254,2270:1182,1698:819,1152:646,2741:1403,7902:4099,739:353,4476:2233,1075:523,0:0,289:150,1351:656,6247:2927,2192:1076,477:240,917:403,817:387,3012:1474,4157:2070,2477:1254,2172:1126,543:296,1241:599,204:97,3663:1750,1130:587,1946:1015,1311:607,3715:1789,1583:868,810:443,3825:1870,6038:2929,3976:1966,961:479,2336:1229,1393:679,1989:1006,1744:884,2334:1105
Lúcio,1475:794,2445:1132,3377:1696,4164:1863,3067:1374,5234:2373,3673:1659,1866:916,4161:1849,1683:883,5838:2789,3822:1637,542:279,519:253,2181:1082,1165:592,3301:1663,2993:1419,8419:4050,3291:1555,2823:1270,3363:1534,519:253,3739:1903,954:457,3316:1733,2410:1256,3853:1920,3195:1700,1382:688,5926:2658,5777:2685,2105:1106,6239:2784,2447:1118,3300:1332,1974:1006,2384:1110,7288:3249,5774:3080,1570:747,2045:961,0:0,1668:828,862:344,2285:1167,1771:785,1120:651,2901:1486,8140:4101,766:334,4939:2338,1112:562,0:0,303:143,1545:738,6003:2647,2198:988,532:243,942:437,854:397,3176:1519,4420:2117,2730:1343,2487:1230,599:348,1447:711,204:102,3850:1721,1254:614,2103:1012,1445:696,3807:1754,1573:811,929:484,3573:1745,6870:3146,4150:1958,1037:474,2478:1272,1576:719,2225:1057,1765:862,2312:1048
Maiev,1487:737,2805:1429,3316:1658,4120:1885,2867:1349,4129:1960,3481:1633,1576:762,3626:1674,1852:1015,4781:2473,3156:1412,481:255,457:199,1702:815,831:408,3074:1613,2918:1493,7505:3898,2973:1432,2564:1206,3116:1466,457:199,3721:1965,730:348,3573:1864,2369:1273,3069:1643,3942:2074,1264:634,4727:2235,4891:2348,2315:1146,5445:2557,2385:1186,3352:1409,1621:817,2105:987,3739:1640,5092:2701,1124:599,1634:783,1668:840,0:0,517:218,1999:1018,1621:736,1354:699,3157:1615,7774:3939,609:286,3625:1740,759:373,0:0,256:111,1207:612,5506:2668,2011:947,490:267,978:454,696:342,2795:1367,3607:1867,2378:1179,1767:866,474:271,901:448,215:112,4253:2007,1025:515,1729:896,1478:692,4140:1955,1323:695,768:400,2731:1360,5329:2625,4309:2224,880:416,2367:1256,1178:556,2086:1040,2077:1009,2121:1009
Mal'Ganis,504:294,893:502,955:571,2106:1075,1053:565,1515:841,1201:637,583:312,1178:630,567:326,1605:836,968:525,221:129,235:101,801:459,311:167,1028:594,1012:552,2674:1530,1120:644,1014:503,1011:522,235:101,1259:692,359:185,1017:594,751:438,1106:654,1122:671,481:272,1759:947,1818:1041,619:334,1941:1071,913:448,789:444,563:322,907:498,1651:897,1865:1120,476:255,610:356,862:518,517:299,0:0,671:377,985:502,364:225,774:443,2569:1427,262:135,1358:751,275:162,0:0,95:48,461:237,1837:998,654:368,158:81,335:154,299:169,875:503,1238:717,782:406,696:396,210:134,387:230,73:29,1304:700,365:196,1074:574,413:218,987:525,483:293,313:162,1265:679,2188:1200,1177:716,390:206,924:568,459:245,581:334,591:302,903:458
Malfurion,1544:760,2676:1319,3702:1851,4578:2078,3304:1443,5394:2394,3879:1736,2012:1002,4268:1854,1818:957,5993:2928,4245:1869,596:292,523:220,2133:1013,1091:529,3609:1774,3289:1601,9110:4393,3424:1715,2844:1246,3629:1665,523:220,4207:2067,1031:445,3609:1818,2679:1295,4184:2110,3720:1978,1383:623,6205:2727,6283:3000,2302:1135,6471:2950,2732:1159,3594:1445,2054:1013,2655:1201,6982:3090,6156:3184,1445:670,2270:1088,2285:1118,1999:981,671:294,0:0,1950:907,1380:717,3064:1535,9098:4438,814:334,4962:2308,1173:571,0:0,302:139,1614:763,6429:2944,2609:1230,575:281,1072:501,976:473,3425:1594,4626:2215,2808:1351,2565:1243,592:349,1386:623,220:118,4201:1970,1207:586,2343:1157,1459:674,4658:2049,1717:824,912:435,3677:1804,6702:3060,4801:2341,1080:490,2713:1462,1661:719,2260:1073,1951:907,2537:1175
Malthael,1174:658,2210:1095,3286:1759,3939:1757,2475:1246,4766:2393,2801:1420,2090:998,4205:2062,1693:914,4215:2245,3186:1508,531:293,2370:1136,1612:829,831:440,2870:1642,3234:1681,9146:5006,2375:1213,2317:1111,2931:1360,2370:1136,3854:2134,600:307,2839:1631,2290:1227,3188:1724,3110:1712,1072:569,4798:2225,4252:2084,1843:987,4920:2498,2244:1078,2526:1101,1679:856,2223:1092,4272:2030,4685:2679,1186:627,1698:879,1771:986,1621:885,985:483,1950:1043,0:0,1028:558,2473:1461,6878:3679,531:239,3447:1733,736:417,0:0,192:103,1263:682,4988:2338,2018:1042,477:245,723:353,658:346,3091:1653,3702:1973,2297:1214,1708:847,438:240,982:481,183:94,3581:1714,996:495,1812:959,1166:578,3469:1658,1325:733,663:364,3004:1449,5223:2530,3716:1961,810:431,3105:1762,1135:523,1758:901,1626:841,2090:959
Medivh,1163:555,1818:802,2180:1029,2639:1135,2012:913,2768:1185,2155:991,1085:506,2205:889,1048:509,3148:1357,2296:932,310:147,271:109,1224:578,598:254,2052:1003,2023:967,4991:2172,2034:886,1665:708,2079:846,271:109,2938:1398,492:212,2184:1086,1513:728,2016:939,2313:1106,806:370,3148:1382,3127:1427,1549:702,3852:1681,2008:884,2589:1008,1118:499,1452:647,2768:1143,3117:1505,770:323,1152:506,1120:469,1354:655,364:139,1380:663,1028:470,0:0,1860:861,5055:2313,479:202,2418:1016,598:276,0:0,197:80,854:373,3635:1543,1374:600,265:114,578:261,437:186,1924:870,2685:1239,1596:700,1182:502,371:197,734:323,150:77,2392:1076,683:329,1183:571,860:394,2672:1131,961:483,612:278,1823:838,3575:1622,2821:1381,607:254,1559:743,888:357,1419:654,1420:612,1420:645
Mephisto,2594:1196,4020:1966,5472:2776,6296:2752,5083:2378,6826:3071,4989:2216,2727:1343,5528:2569,2642:1417,7375:3566,5134:2228,829:416,898:352,3028:1397,1614:816,4832:2446,4689:2335,12363:6221,4772:2239,3955:1889,5069:2517,898:352,5537:2834,1184:559,5121:2634,3779:1836,5216:2695,5940:3066,2116:933,8280:3690,7063:3337,3506:1770,9627:4605,4120:2001,4825:1925,2696:1333,3333:1561,6563:2924,8527:4452,1991:937,2741:1338,2901:1415,3157:1542,774:331,3064:1529,2473:1012,1860:999,0:0,12111:5797,1125:454,6368:2952,1358:710,0:0,423:179,1915:883,8951:4006,3267:1470,741:416,1426:626,1207:563,4525:2040,7053:3502,3746:1774,2908:1361,796:471,1692:786,322:170,6282:2893,1658:807,2798:1387,2172:992,6473:2936,2137:1120,1167:588,4544:2213,8669:3850,6474:3135,1437:645,3723:1838,2124:978,3442:1651,3309:1550,3705:1726
Muradin,6214:3372,10851:5332,14372:7321,17460:8142,14731:6768,21486:10061,16792:7819,7478:3646,16168:7319,7380:4031,21214:10583,15567:7025,2257:1251,2257:991,8012:4043,4372:2272,13664:7356,13539:6796,46467:23108,16251:7985,11407:5385,13724:6368,2257:991,19648:10280,3497:1682,14027:7368,10331:5292,14801:7786,15163:8156,5467:2726,23152:10716,28155:13727,9003:4710,25136:12273,10632:5030,13126:5656,7773:3886,9861:4715,21471:9673,23033:12211,5813:2918,7902:3803,8140:4039,7774:3835,2569:1142,9098:4660,6878:3199,5055:2742,12111:6314,0:0,2954:1370,18137:8833,4155:2208,0:0,1208:566,5872:2923,25208:11827,9390:4480,2175:1044,3750:1681,3441:1732,13722:6720,21563:10973,10692:5390,9010:4421,2183:1254,4958:2421,932:451,16568:7878,4676:2329,8644:4393,6131:2933,17147:7752,6351:3346,3653:1886,13844:6716,28752:13945,17734:8941,4027:1966,10441:5445,6211:2872,9141:4602,8476:4131,9928:4717
Murky,728:431,1022:526,1300:694,1459:751,1073:545,1792:892,1249:646,642:305,1594:822,603:365,1902:959,1333:651,235:135,191:104,747:415,416:227,1177:683,1340:699,3116:1622,1215:632,1096:541,1151:572,191:104,1399:793,368:185,1260:681,925:466,1258:708,1218:674,642:325,1990:965,1862:1004,772:432,2241:1240,762:418,1280:573,797:429,737:400,2079:956,2048:1113,597:327,739:386,766:432,609:323,262:127,814:480,531:292,479:277,1125:671,2954:1584,0:0,1875:964,486:291,0:0,121:64,517:255,2215:1021,916:471,206:115,355:186,335:185,1238:631,1512:796,925:493,962:474,219:140,944:406,111:67,1315:658,634:314,668:355,509:258,1379:663,552:295,401:210,1238:626,2271:1122,1524:858,436:231,849:457,708:377,814:423,748:376,846:421
Nazeebo,3333:1857,5542:2873,7743:4113,8636:4114,6956:3168,11360:5534,7653:3792,4098:2067,10148:4620,3649:2057,10994:5646,8443:4126,1157:620,1080:491,4818:2536,2484:1309,7318:3990,6358:3320,19159:9795,7076:3613,6223:3027,7429:3525,1080:491,8206:4532,2518:1265,7623:4062,5381:2784,9145:4804,6942:3933,3078:1563,14094:6993,12259:6295,4836:2629,15022:7506,5777:2764,7966:3372,4235:2156,5228:2618,13057:6086,12752:7102,3361:1708,4476:2243,4939:2601,3625:1885,1358:607,4962:2654,3447:1714,2418:1402,6368:3416,18137:9304,1875:911,0:0,2509:1303,0:0,691:358,3596:1803,14224:6955,5210:2564,1108:544,2063:952,2275:1201,7306:3532,10168:5295,5798:3009,6702:3401,1273:757,3352:1674,425:218,8592:4263,2760:1404,4548:2380,3051:1482,8103:3841,3492:1878,1929:996,7797:3959,14828:7404,8992:4694,3044:1464,4994:2613,4410:2116,4868:2512,3858:1899,5637:2821
Nova,866:450,1263:582,1576:747,1941:905,1509:658,2513:1114,1785:812,961:515,1941:812,739:383,2531:1237,1901:815,303:168,175:82,1263:678,592:298,1571:786,1525:731,4076:1950,1632:764,1454:682,1560:707,175:82,1848:1000,501:240,1738:857,1146:569,1772:941,1715:919,815:365,2977:1369,2663:1287,1084:580,3267:1591,1235:605,1615:667,1142:560,1098:506,3013:1301,3017:1575,777:384,1075:552,1112:550,759:386,275:113,1173:602,736:319,598:322,1358:648,4155:1947,486:195,2509:1206,0:0,0:0,169:85,729:358,3312:1515,1133:512,283:133,458:185,514:232,1583:730,2284:1136,1301:638,1526:791,447:255,820:380,130:70,1944:925,739:376,968:479,786:376,1931:871,887:440,539:274,1922:974,3213:1459,1970:971,521:277,1073:532,840:426,1121:544,1114:504,1152:553
Orphea,0:0,0:0,0:0,0:0,0:0,0:0,0:0,0:0,0:0,0:0,0:0,0:0,0:0,0:0,0:0,0:0,0:0,0:0,0:0,0:0,0:0,0:0,0:0,0:0,0:0,0:0,0:0,0:0,0:0,0:0,0:0,0:0,0:0,0:0,0:0,0:0,0:0,0:0,0:0,0:0,0:0,0:0,0:0,0:0,0:0,0:0,0:0,0:0,0:0,0:0,0:0,0:0,0:0,0:0,0:0,0:0,0:0,0:0,0:0,0:0,0:0,0:0,0:0,0:0,0:0,0:0,0:0,0:0,0:0,0:0,0:0,0:0,0:0,0:0,0:0,0:0,0:0,0:0,0:0,0:0,0:0,0:0,0:0,0:0
Probius,254:131,353:194,488:262,638:296,435:205,713:330,521:250,291:139,602:271,287:159,737:380,519:247,98:52,92:35,295:156,170:89,481:264,421:226,1178:614,471:248,400:194,481:219,92:35,575:294,137:74,476:257,410:232,549:276,485:265,149:59,811:371,763:386,306:168,896:433,345:173,501:207,300:149,317:165,711:324,818:437,246:111,289:139,303:160,256:145,95:47,302:163,192:89,197:117,423:244,1208:642,121:57,691:333,169:84,0:0,0:0,275:130,905:446,305:152,88:45,148:71,156:75,476:253,636:311,347:182,335:149,96:60,199:101,37:22,626:309,177:88,256:144,160:72,597:287,230:133,153:73,470:228,882:416,663:342,173:98,359:195,292:137,326:157,281:144,329:158
Ragnaros,1048:533,1806:885,2525:1299,2863:1316,2092:1016,3675:1718,2613:1248,1529:773,3088:1465,1287:741,3610:1820,2638:1206,408:220,425:177,1518:792,792:413,2372:1226,2025:1072,6153:3158,2302:1167,1782:852,2567:1206,425:177,2648:1352,743:361,2524:1293,1681:866,3385:1737,2076:1142,904:447,4394:2053,3867:1866,1608:877,4697:2346,1977:912,2503:1102,1286:657,1831:873,3960:1782,3542:1928,1096:585,1351:695,1545:807,1207:595,461:224,1614:851,1263:581,854:481,1915:1032,5872:2949,517:262,3596:1793,729:371,0:0,275:145,0:0,4352:2070,1574:760,495:244,682:337,656:348,2615:1311,3173:1670,1964:984,1916:977,419:261,1000:477,159:83,2913:1433,807:434,1452:702,980:472,2631:1211,1026:560,599:313,2411:1221,4552:2138,3069:1589,888:468,1872:988,1286:624,1511:761,1139:559,1655:755
Raynor,4630:2724,8204:4191,10683:5858,12885:6301,8704:4415,16767:8324,10249:5199,5635:2988,11562:5541,4943:2884,14814:7855,14872:6886,1607:936,1887:923,6015:3166,3234:1833,9699:5391,8998:4906,25604:13587,9579:5117,8963:4588,11454:5639,1887:923,11624:6447,2812:1418,11547:6516,8206:4576,11348:6263,12368:6996,4413:2344,17737:8762,19476:9733,7023:3797,19105:9729,7845:3600,10307:4757,5788:3069,6949:3658,19023:9225,17786:10146,4129:2254,6247:3320,6003:3356,5506:2838,1837:839,6429:3485,4988:2650,3635:2092,8951:4945,25208:13381,2215:1194,14224:7269,3312:1797,0:0,905:459,4352:2282,0:0,6398:3227,1563:789,2792:1319,2875:1527,9608:5044,12928:6865,7410:3971,6987:3787,1644:1015,4098:2112,625:338,12579:6441,3766:2148,7134:3899,4160:2125,12219:5959,4307:2455,2682:1462,12369:6660,18878:9726,12667:6828,3026:1535,6976:3843,4662:2248,6694:3563,6144:3319,8241:4163
Rehgar,1750:966,2727:1390,3762:1966,4725:2321,3356:1648,5464:2722,4414:2100,1933:991,4319:2120,1788:1003,6580:3408,4192:1966,612:355,509:251,2434:1277,1149:612,3725:2017,3516:1883,9487:4871,3613:1826,3158:1580,3603:1687,509:251,4355:2396,996:485,3884:2117,2845:1527,4238:2284,4025:2223,1424:727,6456:3099,6333:3273,2323:1250,6799:3449,3092:1491,3558:1545,2173:1068,2616:1304,7140:3466,6266:3589,1495:842,2192:1116,2198:1210,2011:1064,654:286,2609:1379,2018:976,1374:774,3267:1797,9390:4910,916:445,5210:2646,1133:621,0:0,305:153,1574:814,6398:3171,0:0,583:311,1141:549,846:431,3618:1827,4997:2673,2877:1522,2567:1346,596:349,1342:677,264:129,4307:2204,1271:672,2342:1237,1555:826,5021:2432,1803:943,1027:535,3785:1948,6971:3461,4913:2550,1162:570,2724:1425,1830:880,2384:1247,2071:1071,2621:1322
Rexxar,349:179,658:323,905:482,1031:454,731:334,1332:631,863:421,525:266,1022:459,420:232,1328:674,906:411,162:102,140:68,585:294,279:140,846:449,813:409,2221:1081,805:402,643:315,945:451,140:68,1025:526,247:102,843:463,610:328,1121:609,777:442,376:178,1467:701,1372:671,587:321,1604:773,698:309,918:389,523:265,650:330,1343:622,1323:707,381:198,477:237,532:289,490:223,158:77,575:294,477:232,265:151,741:325,2175:1131,206:91,1108:564,283:150,0:0,88:43,495:251,1563:774,583:272,0:0,228:108,236:118,932:438,1114:562,664:337,661:332,158:84,357:172,31:12,1054:527,308:172,539:283,326:163,1034:491,382:202,231:118,847:417,1669:785,1126:547,276:140,694:391,502:224,591:288,421:211,684:295
Samuro,786:467,1375:711,1534:863,1919:1042,1220:665,2347:1215,1957:968,817:410,1941:951,692:420,2374:1241,1792:833,215:123,203:103,994:571,476:252,1524:886,1609:878,3841:2108,1485:795,1404:721,1416:716,203:103,1758:1013,419:217,1742:1001,1186:674,1612:909,1668:930,833:439,2524:1301,2621:1399,965:559,2704:1443,1045:541,1619:744,950:531,927:513,2510:1229,2573:1559,610:372,917:514,942:505,978:524,335:181,1072:571,723:370,578:317,1426:800,3750:2069,355:169,2063:1111,458:273,0:0,148:77,682:345,2792:1473,1141:592,228:120,0:0,416:230,1671:874,1880:1011,1112:605,1093:578,308:187,638:325,101:50,1874:1035,505:271,778:441,598:309,1784:963,660:365,392:212,1563:816,2794:1468,1994:1095,504:256,1097:612,714:390,964:538,1003:523,1164:584
Sgt. Hammer,692:410,1018:508,1421:755,1750:789,1210:581,2359:1105,1379:683,743:393,1819:820,701:384,2047:1033,1552:705,227:123,203:79,1591:711,507:264,1392:751,1065:545,3428:1734,1263:633,947:460,1409:681,203:79,1569:827,452:231,1401:742,919:496,1632:847,1409:785,607:309,2389:1198,2407:1189,1033:530,2396:1121,995:461,1330:615,863:434,901:450,2571:1213,2586:1336,695:351,817:430,854:457,696:354,299:130,976:503,658:312,437:251,1207:644,3441:1709,335:150,2275:1074,514:282,0:0,156:81,656:308,2875:1348,846:415,236:118,416:186,0:0,1301:645,2304:1123,1092:527,1101:561,244:139,658:308,97:52,1530:804,531:325,798:415,543:280,1678:776,603:334,361:185,1625:901,2693:1340,1760:907,411:207,940:530,746:344,862:424,686:334,1056:506
Sonya,2405:1345,3812:1914,5483:2887,6508:3084,4823:2343,9370:4531,5929:3006,2964:1514,6273:3037,2727:1557,7988:3971,5839:2796,825:477,682:311,3146:1588,1714:915,5085:2801,5306:2817,13508:6822,5178:2558,4093:1909,5245:2455,682:311,5836:2955,1432:702,5655:3133,3930:1929,5953:3137,5369:2994,2266:1231,9154:4258,8895:4535,3332:1813,9767:4783,4101:1932,5236:2244,2938:1454,4257:2063,8675:4179,8556:4760,2248:1168,3012:1538,3176:1657,2795:1428,875:372,3425:1831,3091:1438,1924:1054,4525:2485,13722:7002,1238:607,7306:3774,1583:853,0:0,476:223,2615:1304,9608:4564,3618:1791,932:494,1671:797,1301:656,0:0,6757:3503,4200:2088,3812:1877,891:515,1881:915,318:175,6702:3368,1756:895,3625:1836,2195:1028,6114:2926,2512:1283,1304:661,5442:2719,10804:5199,6828:3463,1655:811,4191:2223,2525:1190,3540:1809,2855:1437,3665:1707
Stitches,3059:1580,5562:2743,7458:3824,8896:4008,7036:3100,10929:4991,7699:3626,4157:2053,8392:3793,3502:1848,10874:5417,7860:3597,1189:608,1234:526,4812:2418,2291:1143,7130:3683,6773:3384,21575:10471,7230:3520,5864:2651,6858:3046,1234:526,8427:4403,1960:952,6980:3594,5054:2578,8086:4239,7479:3983,2671:1273,12202:5501,13189:6524,4639:2462,13616:6609,5773:2562,6797:2805,4106:2000,5406:2517,11300:4985,11979:6460,3148:1521,4157:2087,4420:2303,3607:1740,1238:521,4626:2411,3702:1729,2685:1446,7053:3551,21563:10590,1512:716,10168:4873,2284:1148,0:0,636:325,3173:1503,12928:6063,4997:2324,1114:552,1880:869,2304:1181,6757:3254,0:0,5510:2735,4901:2413,1164:684,2558:1166,402:222,8153:3833,2421:1196,4532:2243,2892:1367,8377:3726,3328:1716,1847:956,7141:3573,13938:6491,9324:4528,2219:1032,5248:2717,3324:1571,4774:2276,3990:1898,5172:2417
Stukov,1813:964,3265:1615,4590:2469,5610:2571,3862:1807,6359:3008,4643:2091,2418:1233,4891:2226,2243:1218,6768:3302,4717:2224,666:356,746:367,2515:1273,1482:761,4785:2572,3767:1904,10672:5367,4162:2094,3325:1578,4260:1989,746:367,4998:2589,1125:546,4302:2275,3124:1652,5097:2668,4343:2388,1593:788,7190:3348,7198:3514,2712:1460,7970:3822,3261:1456,4030:1708,2381:1136,3144:1447,7755:3618,6927:3826,1743:884,2477:1223,2730:1387,2378:1199,782:376,2808:1457,2297:1083,1596:896,3746:1972,10692:5302,925:432,5798:2789,1301:663,0:0,347:165,1964:980,7410:3439,2877:1355,664:327,1112:507,1092:565,4200:2112,5510:2775,0:0,2847:1420,663:384,1573:780,261:135,5108:2432,1371:717,2601:1338,1737:857,5445:2552,1940:999,1052:517,4311:2182,7935:3790,5926:3033,1292:612,3301:1746,1908:881,2716:1401,2179:1021,3125:1513
Sylvanas,1639:938,2721:1313,3817:1989,4123:2002,3196:1551,5797:2703,3758:1790,2092:1082,4791:2053,1781:961,5485:2703,4181:1923,606:325,573:278,2473:1244,1256:622,3503:1883,3080:1526,9198:4577,3479:1729,2933:1318,3631:1704,573:278,3981:2144,1219:577,3921:2135,2769:1440,4434:2330,3173:1802,1720:944,6830:3227,6142:2903,2270:1249,6714:3180,2693:1310,3946:1763,2202:1015,2369:1203,6911:3096,6333:3468,1745:907,2172:1046,2487:1257,1767:901,696:300,2565:1322,1708:861,1182:680,2908:1547,9010:4589,962:488,6702:3301,1526:735,0:0,335:186,1916:939,6987:3200,2567:1221,661:329,1093:515,1101:540,3812:1935,4901:2488,2847:1427,0:0,671:411,1942:925,228:116,3981:1840,1564:846,2080:1058,1532:741,3845:1823,1779:915,1085:542,4377:2226,7295:3403,4458:2288,1505:733,2408:1261,2250:1102,2382:1188,1953:956,2657:1249
Tassadar,481:253,699:275,1000:470,1049:409,827:343,1361:538,1002:395,497:215,1173:445,445:209,1473:590,1105:412,149:76,128:41,565:239,292:122,854:420,793:333,2321:983,882:385,724:261,828:356,128:41,977:434,276:107,1014:434,646:305,941:398,909:408,396:159,1519:603,1530:594,571:246,1720:692,649:256,930:322,533:229,597:251,1696:580,1529:730,419:183,543:247,599:251,474:203,210:76,592:243,438:198,371:174,796:325,2183:929,219:79,1273:516,447:192,0:0,96:36,419:158,1644:629,596:247,158:74,308:121,244:105,891:376,1164:480,663:279,671:260,0:0,394:168,67:35,1046:444,364:172,504:215,413:151,1021:403,441:186,392:165,890:379,2063:818,1175:492,302:117,649:304,427:171,606:211,729:310,625:249
The Butcher,947:541,1414:675,1980:1057,2182:1073,1900:896,3648:1676,2517:1139,1282:615,2735:1262,932:483,3434:1671,3440:1378,309:166,343:163,1491:787,782:420,1935:1052,1627:791,4967:2621,2021:978,1617:770,1964:929,343:163,2085:1059,721:351,2162:1157,1400:739,2370:1274,1709:941,1005:555,3925:1811,4292:1970,1290:691,3794:1876,1300:578,2243:997,1309:633,1423:680,4431:2010,3665:1979,1037:536,1241:642,1447:736,901:453,387:157,1386:763,982:501,734:411,1692:906,4958:2537,944:538,3352:1678,820:440,0:0,199:98,1000:523,4098:1986,1342:665,357:185,638:313,658:350,1881:966,2558:1392,1573:793,1942:1017,394:226,0:0,356:209,2200:1134,980:460,1320:630,864:426,2010:902,1244:660,675:359,2408:1226,4174:1927,2338:1154,718:350,1229:642,1062:500,1375:665,1066:586,1386:696
The Lost Vikings,397:230,304:139,393:186,418:198,360:159,448:205,357:167,164:85,448:218,151:84,664:330,383:166,60:32,67:32,194:101,106:62,338:181,468:241,939:460,327:160,397:174,350:154,67:32,438:223,85:36,413:215,298:143,333:166,381:199,257:122,578:265,556:260,216:103,587:271,234:115,371:139,259:117,211:97,520:225,632:364,139:69,204:107,204:102,215:103,73:44,220:102,183:89,150:73,322:152,932:481,111:44,425:207,130:60,0:0,37:15,159:76,625:287,264:135,31:19,101:51,97:45,318:143,402:180,261:126,228:112,67:32,356:147,0:0,369:182,188:85,203:108,141:74,483:222,164:76,110:54,295:137,688:327,492:248,102:42,266:132,209:89,212:105,311:145,254:122
Thrall,3024:1640,5982:3016,6825:3603,8663:4094,6019:2983,10335:5199,7445:3659,3569:1887,7690:3771,3297:1933,9566:5066,7337:3472,1064:571,771:361,3530:1843,1949:1043,6433:3568,6356:3360,16519:8541,6451:3261,5386:2682,6723:3342,771:361,7769:4099,1706:829,7465:4146,5350:2938,6844:3753,7863:4432,2848:1442,10752:5130,10335:5353,4465:2465,11930:6062,5229:2471,6811:2972,3740:1920,4554:2284,9610:4628,11047:6232,2627:1320,3663:1913,3850:2129,4253:2246,1304:604,4201:2231,3581:1867,2392:1316,6282:3389,16568:8690,1315:657,8592:4329,1944:1019,0:0,626:317,2913:1480,12579:6138,4307:2103,1054:527,1874:839,1530:726,6702:3334,8153:4320,5108:2676,3981:2141,1046:602,2200:1066,369:187,0:0,2149:1171,3825:2038,2696:1389,8342:3978,2901:1607,1716:900,6525:3446,12335:6171,8685:4569,1831:891,5110:2782,2853:1414,4219:2196,5021:2569,4805:2411
Tracer,868:461,1312:595,1856:929,2293:1104,1748:815,2899:1276,1900:867,1029:458,2144:937,907:464,3055:1427,2199:850,361:188,252:108,1480:750,607:306,1878:1021,1854:853,4745:2248,1923:879,1630:740,1829:795,252:108,2213:1118,534:229,2028:980,1489:755,1955:940,2052:1057,778:416,3168:1470,3278:1491,1201:621,3536:1616,1615:799,2075:836,1302:601,1258:654,3544:1383,3609:1982,895:449,1130:543,1254:640,1025:510,365:169,1207:621,996:501,683:354,1658:851,4676:2347,634:320,2760:1356,739:363,0:0,177:89,807:373,3766:1618,1271:599,308:136,505:234,531:206,1756:861,2421:1225,1371:654,1564:718,364:192,980:520,188:103,2149:978,0:0,1151:589,846:380,2182:1010,1031:483,655:327,2135:1026,4482:2115,2367:1193,606:280,1313:673,889:412,1176:558,1082:538,1309:574
Tychus,1373:724,2499:1217,4123:2047,4800:2184,3009:1376,5485:2502,3794:1872,2705:1268,4803:2086,2011:1090,5357:2555,4270:1867,654:349,3560:1539,1956:947,995:493,3366:1792,3758:1811,12797:6295,2909:1417,2815:1304,3599:1614,3560:1539,3997:2060,832:384,3254:1634,2693:1408,3763:1934,3604:1886,1273:674,6184:2900,5058:2327,2176:1098,6251:2909,2680:1173,3130:1292,2025:992,3042:1463,5609:2441,5898:3144,1617:764,1946:931,2103:1091,1729:833,1074:500,2343:1186,1812:853,1183:612,2798:1411,8644:4251,668:313,4548:2168,968:489,0:0,256:112,1452:750,7134:3235,2342:1105,539:256,778:337,798:383,3625:1789,4532:2289,2601:1263,2080:1022,504:289,1320:690,203:95,3825:1787,1151:562,0:0,1326:648,4068:1819,1555:829,755:414,3783:1856,6232:2954,4296:2132,957:437,3191:1644,1402:645,2250:1134,1861:884,2619:1211
Tyrael,1102:596,1796:937,2390:1265,2925:1482,2213:1078,3557:1704,2568:1294,1251:683,2640:1275,1154:652,3545:1852,2549:1251,377:209,284:140,1467:749,767:423,2176:1235,2146:1143,6298:3271,2250:1142,1884:957,2144:1025,284:140,2826:1596,636:309,2494:1450,1696:889,2304:1274,2572:1494,960:489,3956:2000,3671:1900,1563:861,4325:2124,1823:898,2475:1109,1327:696,1603:814,3744:1772,3868:2182,1004:519,1311:704,1445:749,1478:786,413:195,1459:785,1166:588,860:466,2172:1180,6131:3198,509:251,3051:1569,786:410,0:0,160:88,980:508,4160:2035,1555:729,326:163,598:289,543:263,2195:1167,2892:1525,1737:880,1532:791,413:262,864:438,141:67,2696:1307,846:466,1326:678,0:0,2790:1331,1237:688,641:342,2360:1288,4530:2197,2908:1551,647:326,1625:886,1000:495,1687:927,1680:874,1581:769
Tyrande,3360:1893,5560:3007,7428:4124,10324:5208,6042:3105,9823:5007,7256:3757,3860:2030,7578:3827,3554:2058,11844:6468,7487:3735,1017:618,1142:520,3678:2022,1955:1057,7325:4213,6578:3631,17005:9256,6559:3507,5384:2789,6691:3452,1142:520,8227:4685,1584:806,6833:3906,5351:2965,6737:3837,8157:4693,2568:1295,10538:5347,11053:5746,4435:2547,11932:6512,5275:2745,6147:2870,4160:2214,4607:2429,10500:5051,11279:6437,2362:1300,3715:1926,3807:2053,4140:2185,987:462,4658:2609,3469:1811,2672:1541,6473:3537,17147:9395,1379:716,8103:4262,1931:1060,0:0,597:310,2631:1420,12219:6260,5021:2589,1034:543,1784:821,1678:902,6114:3188,8377:4651,5445:2893,3845:2022,1021:618,2010:1108,483:261,8342:4364,2182:1172,4068:2249,2790:1459,0:0,3096:1746,1772:968,6621:3447,11809:6162,10253:5531,1934:985,5058:2861,2931:1475,4240:2248,4306:2306,4856:2490
Uther,1252:669,2010:931,2640:1257,2958:1311,2457:1133,3803:1767,2883:1231,1459:680,2824:1144,1200:593,4413:2133,2827:1221,406:213,313:140,1673:798,818:391,2411:1228,2217:1114,6489:3087,2418:1160,1963:932,2223:998,313:140,2792:1459,698:312,4103:2194,1864:932,2651:1303,2376:1224,1446:748,4262:1919,4085:1909,1531:715,4652:2188,2166:1030,3168:1320,1674:801,1834:800,5147:2221,4205:2206,1068:532,1583:715,1573:762,1323:628,483:190,1717:893,1325:592,961:478,2137:1017,6351:3005,552:257,3492:1614,887:447,0:0,230:97,1026:466,4307:1852,1803:860,382:180,660:295,603:269,2512:1229,3328:1612,1940:941,1779:864,441:255,1244:584,164:88,2901:1294,1031:548,1555:726,1237:549,3096:1350,0:0,824:433,2535:1195,5052:2289,3131:1501,828:379,1694:807,1192:534,1729:811,1822:881,1823:759
Valeera,752:390,1114:553,1388:703,1701:782,1278:590,2119:964,1757:792,789:376,1691:710,712:384,2245:1047,1545:674,232:125,190:92,1021:519,445:239,1410:755,1378:649,3414:1655,1484:726,1165:538,1303:586,190:92,1596:794,412:191,2052:1038,1052:513,1445:724,1577:852,737:382,2475:1104,2368:1082,918:492,2773:1313,1069:517,1526:607,945:432,969:422,2292:978,2544:1373,605:298,810:367,929:445,768:368,313:151,912:477,663:299,612:334,1167:579,3653:1767,401:191,1929:933,539:265,0:0,153:80,599:286,2682:1220,1027:492,231:113,392:180,361:176,1304:643,1847:891,1052:535,1085:543,392:227,675:316,110:56,1716:816,655:328,755:341,641:299,1772:804,824:391,0:0,1497:738,2758:1279,1908:925,442:208,981:487,684:325,1022:477,1090:530,1026:465
Valla,2244:1225,4178:1956,5730:2934,6652:3094,4760:2181,10162:4797,5989:2823,3101:1501,6742:2994,2628:1437,8020:3924,6950:3109,911:490,1017:451,3230:1548,1811:930,5391:2855,4740:2446,14639:7143,5343:2584,4526:2084,5634:2601,1017:451,6282:3273,1533:738,5840:3137,5086:2660,5953:3070,6850:3702,2243:1142,10174:4744,10050:4833,3145:1626,10195:4682,3915:1818,5936:2565,3490:1722,3947:1952,10618:4696,10674:5626,2434:1234,3825:1955,3573:1828,2731:1371,1265:586,3677:1873,3004:1555,1823:985,4544:2331,13844:7128,1238:612,7797:3838,1922:948,0:0,470:242,2411:1190,12369:5709,3785:1837,847:430,1563:747,1625:724,5442:2723,7141:3568,4311:2129,4377:2151,890:511,2408:1182,295:158,6525:3079,2135:1109,3783:1927,2360:1072,6621:3174,2535:1340,1497:759,0:0,10899:5159,6926:3497,1532:730,3833:2082,2433:1149,3544:1706,3117:1512,4533:2161
Varian,4905:2786,7866:3987,10688:5738,12279:5845,9813:4819,18874:9333,12881:5946,5832:2924,11365:5443,5282:2908,15950:8149,11698:5220,1762:1008,1656:776,6250:3277,3502:1872,10128:5439,10022:5245,27540:14352,10288:5159,8453:4169,11560:5816,1656:776,11725:6314,2861:1422,14080:7539,7424:4121,11140:6073,10442:5890,4641:2379,17862:8473,18970:9429,6557:3587,18868:9206,7832:3642,11965:5231,5931:3188,7807:3962,18134:8470,17660:9955,4393:2320,6038:3109,6870:3724,5329:2704,2188:988,6702:3642,5223:2693,3575:1953,8669:4819,28752:14807,2271:1149,14828:7424,3213:1754,0:0,882:466,4552:2414,18878:9152,6971:3510,1669:884,2794:1326,2693:1353,10804:5605,13938:7447,7935:4145,7295:3892,2063:1245,4174:2247,688:361,12335:6164,4482:2367,6232:3278,4530:2333,11809:5647,5052:2763,2758:1479,10899:5740,0:0,12983:6833,3262:1594,7604:4065,4824:2352,8020:4207,6141:3116,7288:3671
Whitemane,3495:1884,5711:2792,8776:4367,11387:5083,6876:3149,10210:4770,7477:3526,4242:2082,7723:3376,3684:1935,12351:6115,7882:3655,1199:632,1447:586,4122:1986,2140:1094,8021:4073,6826:3395,18068:8962,7163:3352,5725:2716,7086:3303,1447:586,8468:4219,1750:796,7021:3744,5452:2737,7368:3767,8196:4269,2950:1446,11580:5304,11209:5508,4771:2453,12706:6038,5901:2652,6869:2882,4145:2044,4893:2448,11286:5326,11643:6197,2996:1457,3976:2010,4150:2192,4309:2085,1177:461,4801:2460,3716:1755,2821:1440,6474:3339,17734:8793,1524:666,8992:4298,1970:999,0:0,663:321,3069:1480,12667:5839,4913:2363,1126:579,1994:899,1760:853,6828:3365,9324:4796,5926:2893,4458:2170,1175:683,2338:1184,492:244,8685:4116,2367:1174,4296:2164,2908:1357,10253:4722,3131:1630,1908:983,6926:3429,12983:6150,0:0,2092:975,5467:2752,3104:1456,4595:2295,4554:2129,5232:2455
Xul,798:461,1202:634,1788:949,1981:981,1454:742,2404:1236,1692:842,954:483,2141:1057,924:501,2495:1284,1909:864,263:159,244:103,1024:518,551:269,1562:825,1473:752,4204:2144,1597:817,1274:648,1695:843,244:103,1918:1065,517:266,1781:1034,1141:635,1965:1041,1525:878,671:374,3011:1426,2909:1432,1102:568,3051:1479,1268:579,1779:834,1039:538,1247:626,2783:1309,2613:1482,770:394,961:482,1037:563,880:464,390:184,1080:590,810:379,607:353,1437:792,4027:2061,436:205,3044:1580,521:244,0:0,173:75,888:420,3026:1491,1162:592,276:136,504:248,411:204,1655:844,2219:1187,1292:680,1505:772,302:185,718:368,102:60,1831:940,606:326,957:520,647:321,1934:949,828:449,442:234,1532:802,3262:1668,2092:1117,0:0,1162:625,936:448,1022:543,955:515,1188:574
Yrel,1955:1027,3187:1553,4191:2062,5193:2194,3699:1657,6225:2798,4315:1938,2172:1048,4495:2002,2357:1190,6335:2986,4459:1950,676:328,612:267,2346:1135,1307:640,4080:2043,4310:2079,10483:5056,3925:1850,3225:1463,4111:1870,612:267,4954:2472,1045:470,4330:2220,2974:1438,4329:2142,4486:2341,1490:701,6687:2964,6826:3176,2635:1323,7281:3350,3245:1413,3946:1623,2280:1190,3502:1591,5700:2467,6516:3454,1613:787,2336:1107,2478:1206,2367:1111,924:356,2713:1251,3105:1343,1559:816,3723:1885,10441:4996,849:392,4994:2381,1073:541,0:0,359:164,1872:884,6976:3133,2724:1299,694:303,1097:485,940:410,4191:1968,5248:2531,3301:1555,2408:1147,649:345,1229:587,266:134,5110:2328,1313:640,3191:1547,1625:739,5058:2197,1694:887,981:494,3833:1751,7604:3539,5467:2715,1162:537,0:0,1875:877,2611:1282,2325:1101,3026:1286
Zagara,1399:812,1770:913,2509:1368,2995:1491,2236:1072,3880:1829,2543:1257,1381:716,3160:1558,1288:753,4031:2115,2751:1339,568:297,390:180,1556:845,778:411,2487:1406,2546:1364,6493:3450,2422:1242,2478:1243,2604:1331,390:180,2808:1610,843:438,2603:1427,1762:1002,3008:1569,2371:1340,1263:626,4387:2151,4141:2131,1532:848,4532:2390,1836:899,2405:1065,1541:794,1611:855,4189:1959,4142:2429,1118:578,1393:714,1576:857,1178:622,459:214,1661:942,1135:612,888:531,2124:1146,6211:3339,708:331,4410:2294,840:414,0:0,292:155,1286:662,4662:2414,1830:950,502:278,714:324,746:402,2525:1335,3324:1753,1908:1027,2250:1148,427:256,1062:562,209:120,2853:1439,889:477,1402:757,1000:505,2931:1456,1192:658,684:359,2433:1284,4824:2472,3104:1648,936:488,1875:998,0:0,1486:807,1333:649,1821:953
Zarya,1708:955,3040:1421,4081:2105,4485:2044,3505:1669,5652:2631,3891:1961,2038:1019,4149:1850,1834:986,5570:2744,4090:1821,598:316,503:241,2196:1032,1249:628,3463:1759,3384:1702,9403:4619,3359:1604,2711:1262,3478:1685,503:241,4190:2151,856:413,4008:2134,2628:1389,3837:2073,3801:2045,1492:728,5936:2783,5863:2839,2466:1254,6919:3302,2846:1208,4097:1768,2076:1027,2644:1232,5762:2639,5915:3109,1540:776,1989:983,2225:1168,2086:1046,581:247,2260:1187,1758:857,1419:765,3442:1791,9141:4539,814:391,4868:2356,1121:577,0:0,326:169,1511:750,6694:3131,2384:1137,591:303,964:426,862:438,3540:1731,4774:2498,2716:1315,2382:1194,606:395,1375:710,212:107,4219:2023,1176:618,2250:1116,1687:760,4240:1992,1729:918,1022:545,3544:1838,8020:3813,4595:2300,1022:479,2611:1329,1486:679,0:0,2414:1174,2603:1225
Zeratul,1796:967,3052:1486,3498:1793,4369:2152,3193:1570,4239:1995,3490:1597,1793:861,3904:1965,1545:862,5006:2496,3349:1556,588:336,388:185,1955:1023,930:486,3160:1738,3133:1612,7793:3959,3444:1679,2868:1434,3140:1524,388:185,3982:2161,722:382,3649:1897,2567:1382,2687:1438,4908:2783,1769:906,4948:2326,4590:2349,2434:1387,5969:2989,2589:1335,3085:1351,1974:960,2222:1088,4440:2154,5501:3048,1142:575,1744:860,1765:903,2077:1068,591:289,1951:1044,1626:785,1420:808,3309:1759,8476:4345,748:372,3858:1959,1114:610,0:0,281:137,1139:580,6144:2825,2071:1000,421:210,1003:480,686:352,2855:1418,3990:2092,2179:1158,1953:997,729:419,1066:480,311:166,5021:2452,1082:544,1861:977,1680:806,4306:2000,1822:941,1090:560,3117:1605,6141:3025,4554:2425,955:440,2325:1224,1333:684,2414:1240,0:0,2278:1109
Zul'jin,1695:887,3252:1663,4172:2265,5039:2452,3457:1646,6596:3156,4220:2143,2248:1225,4842:2363,1937:1055,5989:3114,5536:2505,658:375,630:293,2349:1175,1316:745,3881:2121,3549:1865,10370:5598,3658:1962,3315:1698,4102:2075,630:293,4756:2542,1063:518,4451:2472,3022:1598,4359:2474,4557:2458,1607:788,6786:3333,7766:3884,2708:1430,7592:3906,3175:1488,3972:1760,2277:1147,2730:1442,7144:3350,6812:3660,1705:920,2334:1229,2312:1264,2121:1112,903:445,2537:1362,2090:1131,1420:775,3705:1979,9928:5211,846:425,5637:2816,1152:599,0:0,329:171,1655:900,8241:4078,2621:1299,684:389,1164:580,1056:550,3665:1958,5172:2755,3125:1612,2657:1408,625:376,1386:690,254:132,4805:2394,1309:735,2619:1408,1581:812,4856:2366,1823:1064,1026:561,4533:2372,7288:3617,5232:2777,1188:614,3026:1740,1821:868,2603:1378,2278:1169,0:0
