Hero,Abathur,Alarak,Alexstrasza,Ana,Anub'arak,Artanis,Arthas,Auriel,Azmodan,Blaze,Brightwing,Cassia,Chen,Cho,Chromie,D.Va,Deckard,Dehaka,Diablo,E.T.C.,Falstad,Fenix,Gall,Garrosh,Gazlowe,Genji,Greymane,Gul'dan,Hanzo,Illidan,Jaina,Johanna,Junkrat,Kael'thas,Kel'Thuzad,Kerrigan,Kharazim,Leoric,Li Li,Li-Ming,Lt. Morales,Lunara,Lúcio,Maiev,Mal'Ganis,Malfurion,Malthael,Medivh,Mephisto,Muradin,Murky,Nazeebo,Nova,Probius,Ragnaros,Raynor,Rehgar,Rexxar,Samuro,Sgt. Hammer,Sonya,Stitches,Stukov,Sylvanas,Tassadar,The Butcher,The Lost Vikings,Thrall,Tracer,Tychus,Tyrael,Tyrande,Uther,Valeera,Valla,Varian,Whitemane,Xul,Yrel,Zagara,Zarya,Zeratul,Zul'jin
Abathur,0:0,1177:527,1514:655,1830:842,1220:579,2177:1025,1359:648,837:358,894:432,719:263,1266:525,1706:853,343:138,214:110,452:162,382:167,2090:841,1098:510,4485:2013,1567:703,1163:519,1559:698,214:110,1587:653,370:161,2224:983,1865:881,1474:595,1624:657,3525:1724,2837:1403,2924:1316,857:354,2512:1160,969:420,680:328,1999:911,947:431,2592:1214,2644:1051,829:332,811:351,1163:490,756:346,0:0,1514:639,695:337,380:172,760:361,5865:2756,659:298,1169:495,505:179,114:43,459:224,2648:1277,2187:1060,183:66,845:473,338:151,1472:693,2279:954,1428:590,497:214,326:116,948:403,114:39,1967:861,1117:476,880:395,698:309,2081:1039,1369:643,739:312,1475:626,3353:1486,2499:1169,210:95,1411:610,430:186,555:256,1541:756,1031:430
Alarak,1177:527,0:0,3902:1936,5683:3004,3006:1547,4685:2454,2921:1497,2190:1061,3760:2104,2180:969,2785:1443,3038:1660,644:282,334:182,1122:445,977:476,5332:2445,2880:1436,9966:4865,3936:1945,2210:1138,3146:1714,334:182,4370:2060,826:440,2693:1327,2057:1055,3386:1544,3914:1763,954:513,4964:2643,6499:3334,2287:1067,6206:3134,2643:1295,670:366,2529:1288,2329:1208,5745:3033,5162:2369,1620:742,1736:878,2643:1344,1067:534,0:0,3581:1643,1011:532,1085:498,1489:732,11005:5650,695:375,4490:2243,808:386,296:154,798:422,5340:2902,3635:1946,489:249,542:287,998:521,2465:1228,6104:2962,3677:1814,1885:944,516:212,856:444,206:97,2209:1136,1107:543,1938:933,1247:640,4015:2160,2269:1113,624:297,3166:1631,6165:3250,5985:3085,703:368,2931:1460,1635:880,1697:878,1499:729,2283:1211
Alexstrasza,1514:655,3902:1936,0:0,60:26,3387:1669,6617:3314,3220:1558,41:19,4995:2615,3038:1276,52:24,4437:2357,748:312,1225:673,1519:592,1305:615,33:12,4019:1904,11722:5651,4155:1883,3070:1478,4870:2436,1225:673,4432:1929,1190:602,4694:2145,3573:1678,4625:2105,5015:2097,1641:767,7298:3657,7181:3602,3098:1282,8204:4050,3503:1685,1692:816,193:80,3307:1606,155:61,6779:2899,29:8,2381:1129,44:12,2395:1186,0:0,55:20,2065:1005,1287:537,1742:886,11513:5411,822:411,5869:2906,1061:484,435:226,1758:850,7112:3570,73:31,654:290,1056:544,1263:578,4159:2036,6112:2902,46:16,2508:1160,551:209,1613:800,258:114,5459:2675,1583:696,2874:1324,1565:710,980:430,92:26,1035:452,3873:1830,7823:3856,103:45,1078:564,4288:1967,2095:1045,2154:1044,2740:1311,2951:1421
Ana,1830:842,5683:3004,60:26,0:0,4421:2368,8328:4521,4230:2220,59:26,6390:3599,3835:1755,72:35,5515:3066,989:484,1497:950,1862:815,1743:908,87:31,5148:2679,14125:7315,5359:2713,3877:2021,5655:3088,1497:950,5933:3017,1572:891,5563:2731,4082:2018,6104:3070,5921:2704,1921:953,9617:5447,9024:4696,3754:1779,11428:6047,5630:3082,2030:1110,289:123,4267:2322,242:115,9894:4731,56:21,3019:1553,55:20,2929:1504,0:0,86:28,3246:1843,1846:921,3483:1931,14837:7640,1193:699,7372:3920,1361:651,508:266,2129:1166,8618:4687,96:52,865:451,1195:662,1548:837,5134:2645,8064:4215,53:21,3013:1530,664:284,1936:1021,293:138,7108:3919,1689:767,3355:1655,1980:1019,1377:659,135:67,1398:672,4796:2390,9890:5293,186:68,1422:776,5234:2713,2847:1502,2881:1506,3673:1978,3805:1998
Anub'arak,1220:579,3006:1547,3387:1669,4421:2368,0:0,4196:2305,1303:648,2103:1066,3959:2213,1665:761,2737:1413,3705:2070,378:182,203:127,1323:577,701:328,4855:2334,2563:1317,3424:1578,1198:519,2700:1338,3722:1998,203:127,1265:548,877:486,3890:1861,2917:1401,4145:1946,4027:1848,1370:650,6242:3359,1651:768,2399:1121,6758:3488,3079:1665,1355:714,2509:1271,2120:1128,5426:2839,5884:2715,1543:739,2073:1041,2443:1192,1799:872,0:0,3124:1499,1658:889,867:388,1867:991,3184:1549,615:326,4951:2552,920:452,263:137,1209:590,6490:3573,3386:1734,353:166,867:484,1013:541,2709:1457,2023:937,3382:1635,2059:1050,462:195,1306:683,184:97,3913:2060,1487:715,2286:1106,752:365,3561:1960,1876:919,897:446,3785:1885,4701:2464,5588:2889,778:414,2603:1318,1698:898,1272:623,2147:1069,2592:1336
Artanis,2177:1025,4685:2454,6617:3314,8328:4521,4196:2305,0:0,3888:2029,4282:2247,7392:4290,1866:879,5625:2938,8183:4712,656:311,600:351,2684:1172,1099:618,9112:4491,2198:1158,15184:7939,5670:2914,4913:2573,7127:3982,600:351,6084:2945,1560:879,7084:3373,5237:2584,8242:4146,7673:3506,1954:963,12702:7082,9727:5157,4517:2212,13853:7528,5696:3005,1885:994,4976:2580,2141:1151,12461:6831,12703:6085,3667:1849,4536:2441,5337:2683,2586:1311,0:0,6511:3264,2077:1102,1590:786,3058:1780,15720:8173,1131:629,9345:4842,1935:975,512:282,1870:987,11103:6189,6649:3539,502:266,1387:733,2069:1113,1843:995,8199:4260,6615:3433,4494:2349,985:435,2362:1202,265:148,4675:2495,2807:1384,4231:2137,1634:890,6555:3705,3727:1913,1539:721,8792:4645,8574:4568,10458:5570,1266:680,2396:1255,2924:1607,1797:956,3269:1664,5139:2785
Arthas,1359:648,2921:1497,3220:1558,4230:2220,1303:648,3888:2029,0:0,2180:1095,4132:2248,1346:580,2728:1365,3845:2032,370:165,181:100,1373:607,774:380,4690:2206,2080:1070,3295:1520,1271:599,2691:1318,3981:2104,181:100,1214:502,1042:564,3930:1845,2781:1346,4165:2011,4034:1729,1415:691,6503:3400,1705:839,2373:1088,7376:3904,3416:1821,1288:688,2268:1102,1746:920,5753:3023,5832:2665,1680:800,2215:1114,2691:1267,1660:836,0:0,3097:1489,1597:815,1011:477,1750:874,3120:1452,688:343,5150:2582,902:425,258:141,1295:614,6803:3621,3348:1645,347:166,898:488,1116:572,2555:1317,1762:873,3252:1600,2241:1103,572:218,1316:687,200:100,3761:1961,1417:674,2336:1177,633:281,3509:1889,2043:994,889:391,3758:1878,4225:2166,5648:2911,832:439,1972:968,1748:922,1338:697,2014:988,2673:1298
Auriel,837:358,2190:1061,41:19,59:26,2103:1066,4282:2247,2180:1095,0:0,2819:1498,1626:714,40:21,3227:1782,476:197,2033:1206,821:359,806:369,54:25,2133:1045,6649:3155,2586:1253,1685:773,2599:1371,2033:1206,2572:1137,702:371,2456:1134,1886:859,6850:3226,2395:992,959:445,3732:1892,4364:2138,1614:734,4943:2496,1883:876,898:450,186:81,2142:1073,134:63,3632:1661,30:7,1926:937,32:16,1078:528,0:0,45:17,1302:636,668:292,1094:556,6929:3495,550:288,3574:1784,664:312,218:95,1055:515,4935:2595,58:24,406:190,641:335,942:472,2655:1295,3830:1824,39:16,1585:788,391:173,1027:518,169:85,3093:1588,939:417,1531:690,1005:491,602:286,73:40,663:306,5419:2711,5222:2629,106:41,671:341,2312:1073,1198:621,1472:745,1408:666,2280:1148
Azmodan,894:432,3760:2104,4995:2615,6390:3599,3959:2213,7392:4290,4132:2248,2819:1498,0:0,2943:1495,4170:2306,4960:2929,897:448,425:245,1634:788,1472:806,6637:3358,3679:2024,12153:6579,5197:2741,2965:1596,4422:2574,425:245,4747:2453,692:413,3946:2054,3508:1837,4292:2231,4265:1960,1962:1026,6857:3950,10129:5565,2415:1202,6302:3494,3072:1688,1705:953,3777:2092,3597:2082,8980:5314,6515:3273,2386:1223,2676:1491,3898:2136,2148:1116,0:0,5066:2627,2326:1279,1027:504,1643:931,14360:8088,622:357,2020:1101,1533:852,187:92,1584:874,7507:4446,5009:2857,693:385,1241:754,805:448,4370:2407,7948:4216,4884:2538,1166:647,661:303,2206:1246,152:70,5755:3282,1912:1002,2889:1553,1872:1028,4984:2887,3204:1772,1283:670,4832:2622,9070:5160,6767:3742,444:251,3995:2133,810:458,2077:1076,2779:1540,3228:1856
Blaze,719:263,2180:969,3038:1276,3835:1755,1665:761,1866:879,1346:580,1626:714,2943:1495,0:0,1963:872,2953:1461,253:113,228:114,1125:419,440:185,4466:1871,840:380,5715:2514,2067:890,1970:832,3309:1576,228:114,2401:994,602:278,3180:1355,2180:925,3378:1395,3460:1385,821:350,5199:2406,3331:1467,2210:877,5722:2654,2840:1319,970:445,1821:843,853:403,4076:1969,5055:2094,1316:547,1792:819,1962:874,1548:720,0:0,2703:1169,900:418,714:284,1708:803,5531:2498,418:183,3539:1662,658:279,251:110,821:359,5323:2582,2573:1186,197:95,554:256,917:386,957:438,2669:1140,2887:1227,1630:709,371:144,931:444,102:42,2320:1052,1151:497,1761:748,675:297,3172:1556,1314:577,650:273,2811:1265,3425:1680,4838:2206,634:297,908:388,1021:464,743:315,1536:708,2091:983
Brightwing,1266:525,2785:1443,52:24,72:35,2737:1413,5625:2938,2728:1365,40:21,4170:2306,1963:872,0:0,3686:2015,593:284,139:67,1369:622,1090:526,60:29,3563:1832,8641:4266,3446:1641,3352:1710,3635:1874,139:67,3286:1526,1072:600,3634:1690,2446:1213,3642:1719,3196:1373,1436:698,6294:3253,5591:2818,2223:1025,6487:3401,2500:1277,1237:634,208:79,2419:1309,151:73,5658:2570,42:15,2092:1024,35:15,1440:678,0:0,51:22,1578:802,926:414,1378:729,8862:4406,781:408,5350:2737,1102:548,276:137,1461:738,5560:3054,61:28,579:311,1062:623,960:494,3210:1608,5100:2558,49:21,2575:1323,479:206,1611:852,203:101,4021:2033,1468:736,2257:1123,1241:607,1029:469,85:42,911:414,3423:1707,7133:3653,143:58,911:467,2836:1360,2132:1143,1672:821,1930:947,2298:1151
Cassia,1706:853,3038:1660,4437:2357,5515:3066,3705:2070,8183:4712,3845:2032,3227:1782,4960:2929,2953:1461,3686:2015,0:0,819:420,431:257,1499:684,1382:714,6764:3492,4537:2452,13371:7090,4738:2602,2051:1132,2762:1614,431:257,5237:2678,1323:786,3077:1587,1811:929,4663:2401,2900:1389,1301:710,6840:3927,11894:6738,1970:1033,7717:4341,3495:1937,1222:678,3167:1693,3458:1881,10491:6114,6589:3228,2187:1113,1336:738,3355:1748,1551:825,0:0,4360:2240,1931:1051,1253:617,1712:1008,13485:7359,960:582,5966:3301,911:475,439:248,1524:830,3462:2025,4645:2617,705:370,863:506,955:513,4357:2393,7426:3952,4572:2384,2366:1321,638:298,1419:795,324:174,4312:2491,1052:563,1578:832,1666:951,4540:2611,2742:1430,995:472,2162:1120,8506:4718,7495:4254,1061:648,4764:2593,2195:1235,2093:1190,2106:1150,1460:826
Chen,343:138,644:282,748:312,989:484,378:182,656:311,370:165,476:197,897:448,253:113,593:284,819:420,0:0,54:25,325:144,152:65,1096:437,304:129,1207:562,449:192,587:253,761:369,54:25,490:197,220:97,788:311,561:245,915:390,907:349,343:157,1322:614,632:281,559:238,1565:733,648:288,272:126,574:251,292:152,1339:667,1291:546,421:177,482:220,506:217,373:156,0:0,681:308,255:109,198:69,360:161,1208:573,143:66,1093:517,290:127,77:35,269:126,1414:691,663:313,68:26,157:72,243:113,377:171,640:303,694:289,505:222,133:40,300:146,40:15,684:301,318:138,507:216,178:80,779:398,442:179,263:103,895:407,1056:474,1253:549,163:87,340:146,366:172,230:94,461:203,570:268
Cho,214:110,334:182,1225:673,1497:950,203:127,600:351,181:100,2033:1206,425:245,228:114,139:67,431:257,54:25,0:0,126:53,82:45,403:186,353:220,500:258,139:62,299:160,523:329,9069:4996,182:93,118:63,440:238,337:171,446:232,360:174,157:75,621:348,291:162,258:132,708:388,250:107,119:70,224:115,244:135,650:364,585:302,551:293,248:140,242:134,161:84,0:0,230:94,230:141,205:105,190:107,469:245,119:64,521:286,80:36,56:38,185:115,685:412,443:224,45:21,116:77,88:42,448:260,231:122,238:103,288:167,90:31,108:59,115:60,501:292,171:85,251:123,71:39,344:190,218:101,106:47,446:247,628:360,603:301,169:108,404:233,276:172,225:116,206:110,227:115
Chromie,452:162,1122:445,1519:592,1862:815,1323:577,2684:1172,1373:607,821:359,1634:788,1125:419,1369:622,1499:684,325:144,126:53,0:0,640:279,2201:893,1449:638,4194:1722,1742:710,984:406,1271:571,126:53,1603:621,535:275,1367:555,1070:434,448:162,1030:386,667:290,581:242,2944:1248,774:266,631:244,298:98,561:254,1198:519,1335:606,2932:1396,552:183,790:305,775:318,1363:578,646:264,0:0,1625:604,639:286,355:113,329:152,4447:1994,363:163,2123:935,407:164,142:59,620:282,2150:1006,1473:646,298:136,407:192,434:201,1543:660,2650:1125,1645:713,1106:490,242:68,848:391,96:38,1855:798,571:248,917:394,631:272,1433:659,1043:433,401:148,1404:600,3412:1601,2473:1075,468:217,1444:631,836:363,803:314,791:332,931:410
D.Va,382:167,977:476,1305:615,1743:908,701:328,1099:618,774:380,806:369,1472:806,440:185,1090:526,1382:714,152:65,82:45,640:279,0:0,1866:864,519:258,2485:1255,991:479,996:491,1498:786,82:45,1315:609,420:235,1316:574,1000:454,1636:776,1453:618,504:231,2439:1271,1443:738,931:431,2798:1431,1130:574,501:271,997:489,535:282,2339:1256,2331:1052,762:330,871:451,1146:586,625:274,0:0,1221:544,530:283,352:168,659:355,2467:1210,289:151,1903:956,442:218,129:61,551:289,2255:1226,1326:679,123:63,350:176,412:201,530:271,1389:653,1296:658,914:456,213:84,623:318,69:24,1118:574,618:311,886:405,321:171,1307:668,826:402,332:165,1488:746,1853:950,2058:1042,303:150,614:287,650:333,446:212,746:322,981:510
Deckard,2090:841,5332:2445,33:12,87:31,4855:2334,9112:4491,4690:2206,54:25,6637:3358,4466:1871,60:29,6764:3492,1096:437,403:186,2201:893,1866:864,0:0,5965:2886,15585:7287,6112:2735,4381:2054,7250:3713,403:186,6521:2818,1735:880,6582:2877,4689:2167,6610:2855,7171:3007,2014:907,11000:5466,10753:5077,4314:1813,11185:5292,5505:2672,2248:1032,239:97,4845:2365,188:85,10231:4417,47:14,3623:1699,40:14,3656:1656,0:0,58:17,3062:1458,1859:738,2708:1294,16750:8103,1042:504,8351:4014,1489:686,527:263,2413:1115,10308:5438,78:33,869:412,1469:773,2238:1091,5895:2802,8740:3932,49:13,3494:1563,665:252,2266:1083,373:174,7618:3741,2378:1044,4090:1865,1974:895,1237:552,126:45,1603:692,5417:2448,10637:5105,99:37,1503:762,6722:3105,3001:1496,2752:1271,3776:1758,4138:2152
Dehaka,1098:510,2880:1436,4019:1904,5148:2679,2563:1317,2198:1158,2080:1070,2133:1045,3679:2024,840:380,3563:1832,4537:2452,304:129,353:220,1449:638,519:258,5965:2886,0:0,8808:4407,3267:1705,3670:1864,4505:2413,353:220,3603:1631,782:438,4442:2075,3162:1520,4622:2223,5144:2265,1174:551,7415:4015,5471:2695,2903:1364,7896:4064,3431:1692,1198:604,2691:1394,1001:527,6081:3167,7728:3560,1643:759,2482:1251,2844:1370,1871:907,0:0,3850:1835,1149:580,1015:470,2065:1075,9329:4706,517:273,4707:2366,994:525,256:120,1016:537,6904:3736,4132:2160,221:120,777:415,1092:586,1109:554,4385:2141,3886:1909,1929:960,399:191,1205:581,99:37,3064:1588,1678:781,2597:1255,942:471,4222:2276,2036:988,915:373,3843:1928,5008:2590,6171:3066,627:341,1023:478,1510:776,827:418,2223:1086,2879:1501
Diablo,4485:2013,9966:4865,11722:5651,14125:7315,3424:1578,15184:7939,3295:1520,6649:3155,12153:6579,5715:2514,8641:4266,13371:7090,1207:562,500:258,4194:1722,2485:1255,15585:7287,8808:4407,0:0,2152:947,9074:4539,13958:7378,500:258,2172:920,3253:1696,12285:5699,9789:4611,14063:6470,13153:5850,4630:2238,21812:11292,2425:1106,8185:3813,22537:11645,9559:4603,4490:2306,8034:3962,6631:3355,17768:9208,20209:9108,5277:2455,7330:3608,8196:3959,6223:3026,0:0,10933:4961,5780:2908,3791:1770,5539:2855,4791:2081,2314:1226,17027:8623,3162:1472,1054:557,4569:2299,19210:10268,11608:6011,1310:645,2962:1580,3722:1893,10440:5189,3765:1705,11115:5324,7292:3648,1881:776,4710:2295,739:380,15146:7812,4878:2339,7396:3532,2097:988,11758:6219,6245:2976,2942:1333,12399:5981,14825:7528,15659:7852,2889:1474,8510:4082,6153:3256,4666:2269,7746:3858,8747:4395
E.T.C.,1567:703,3936:1945,4155:1883,5359:2713,1198:519,5670:2914,1271:599,2586:1253,5197:2741,2067:890,3446:1641,4738:2602,449:192,139:62,1742:710,991:479,6112:2735,3267:1705,2152:947,0:0,3532:1763,5190:2701,139:62,871:347,1281:622,5012:2291,3537:1699,5034:2304,5341:2293,1810:877,8905:4596,952:401,3072:1290,9489:4677,4222:2064,1796:872,3050:1518,2530:1300,6703:3534,7448:3263,2074:918,2744:1370,3106:1503,2486:1200,0:0,4007:1883,2320:1196,1318:573,2276:1163,1948:851,897:433,6251:3116,1227:567,432:204,1791:844,8202:4463,4259:2172,485:238,1193:649,1506:725,3885:1944,1399:637,4149:2023,2738:1340,711:302,1907:944,270:134,5350:2743,1842:891,2963:1467,803:367,4745:2482,2596:1221,1194:536,4711:2394,5385:2805,7083:3663,1140:567,3061:1520,2324:1207,1821:865,2838:1381,3231:1664
Falstad,1163:519,2210:1138,3070:1478,3877:2021,2700:1338,4913:2573,2691:1318,1685:773,2965:1596,1970:832,3352:1710,2051:1132,587:253,299:160,984:406,996:491,4381:2054,3670:1864,9074:4539,3532:1763,0:0,1647:867,299:160,3544:1558,779:398,2186:989,1402:695,2641:1223,1855:782,1129:568,4150:2208,5618:2764,1293:597,4554:2336,2003:1023,919:479,2419:1225,2510:1315,5302:2749,4186:1881,1403:645,957:487,2400:1137,1149:547,0:0,2823:1345,1226:625,790:333,1206:627,9361:4691,641:339,3784:1868,715:340,170:82,917:456,2606:1384,3195:1646,433:218,691:387,584:294,3052:1550,5163:2463,3075:1440,1489:722,416:159,1094:545,191:95,3116:1600,802:375,1119:538,1260:627,3196:1691,2025:997,685:303,1261:623,6388:3247,4863:2401,708:368,2998:1426,1426:722,1463:717,1555:804,1014:497
Fenix,1559:698,3146:1714,4870:2436,5655:3088,3722:1998,7127:3982,3981:2104,2599:1371,4422:2574,3309:1576,3635:1874,2762:1614,761:369,523:329,1271:571,1498:786,7250:3713,4505:2413,13958:7378,5190:2701,1647:867,0:0,523:329,5358:2660,1111:607,3258:1599,1881:922,3984:1995,2604:1180,1413:700,6534:3556,8721:4618,1981:984,6923:3846,3086:1699,1399:797,3288:1781,3934:2184,7322:4052,5694:2775,2079:1012,1350:708,3267:1639,2013:1018,0:0,4523:2268,1895:1014,1311:626,1564:866,13773:7258,857:474,5276:2894,926:462,337:194,1449:770,3281:1850,4749:2614,727:393,916:523,912:506,4397:2328,7322:3807,4802:2433,2192:1201,625:259,1374:737,243:122,4976:2774,1012:541,1491:724,1637:854,4588:2652,2700:1434,948:472,1904:959,8430:4560,7359:3988,1048:541,4625:2376,1911:1051,2350:1209,2450:1287,1307:690
Gall,214:110,334:182,1225:673,1497:950,203:127,600:351,181:100,2033:1206,425:245,228:114,139:67,431:257,54:25,9069:4996,126:53,82:45,403:186,353:220,500:258,139:62,299:160,523:329,0:0,182:93,118:63,440:238,337:171,446:232,360:174,157:75,621:348,291:162,258:132,708:388,250:107,119:70,224:115,244:135,650:364,585:302,551:293,248:140,242:134,161:84,0:0,230:94,230:141,205:105,190:107,469:245,119:64,521:286,80:36,56:38,185:115,685:412,443:224,45:21,116:77,88:42,448:260,231:122,238:103,288:167,90:31,108:59,115:60,501:292,171:85,251:123,71:39,344:190,218:101,106:47,446:247,628:360,603:301,169:108,404:233,276:172,225:116,206:110,227:115
Garrosh,1587:653,4370:2060,4432:1929,5933:3017,1265:548,6084:2945,1214:502,2572:1137,4747:2453,2401:994,3286:1526,5237:2678,490:197,182:93,1603:621,1315:609,6521:2818,3603:1631,2172:920,871:347,3544:1558,5358:2660,182:93,0:0,1207:611,4857:2029,4174:1858,5586:2469,5404:2257,1764:780,8795:4304,869:389,3459:1506,9087:4498,4176:1944,1737:823,3145:1397,2830:1285,6729:3225,8055:3405,2164:949,2995:1365,3209:1459,2585:1140,0:0,4581:2063,2458:1142,1429:627,2167:1037,1866:777,825:394,6409:3113,1202:492,398:216,1764:834,7730:3993,4483:2101,541:238,1154:556,1642:796,3924:1873,1616:677,4581:2098,2616:1213,692:263,2054:983,278:135,6123:2985,1885:796,3324:1450,753:316,4788:2488,2602:1088,1229:516,4941:2294,5697:2725,6703:3283,1061:517,3508:1560,2290:1141,1726:803,2949:1373,3595:1758
Gazlowe,370:161,826:440,1190:602,1572:891,877:486,1560:879,1042:564,702:371,692:413,602:278,1072:600,1323:786,220:97,118:63,535:275,420:235,1735:880,782:438,3253:1696,1281:622,779:398,1111:607,118:63,1207:611,0:0,1187:593,800:396,1435:746,1086:504,433:228,2180:1190,2355:1245,729:384,2417:1354,1034:553,449:230,945:506,720:435,2278:1273,2071:1054,646:328,690:380,959:501,466:232,0:0,1233:606,424:232,255:107,517:278,3482:1898,251:143,752:415,466:234,96:45,414:223,1937:1120,1225:656,156:71,296:169,262:165,861:427,1970:1038,1227:611,375:192,181:75,565:313,65:19,1128:597,483:232,691:344,424:208,1320:741,830:423,307:151,1309:667,2285:1230,1793:965,176:97,763:384,292:152,468:257,613:320,829:451
Genji,2224:983,2693:1327,4694:2145,5563:2731,3890:1861,7084:3373,3930:1845,2456:1134,3946:2054,3180:1355,3634:1690,3077:1587,788:311,440:238,1367:555,1316:574,6582:2877,4442:2075,12285:5699,5012:2291,2186:989,3258:1599,440:238,4857:2029,1187:593,0:0,1998:868,5017:2250,2834:1094,1135:536,7009:3458,8750:4192,2141:985,7556:3732,3163:1490,1116:523,3533:1542,3769:1828,7532:3717,6546:2723,1938:802,1752:812,3648:1630,1202:533,0:0,4927:2255,1985:916,1071:402,1526:764,14274:6628,842:412,5707:2761,730:287,341:161,1451:664,4393:2208,5127:2407,713:348,764:381,1011:498,4535:2155,7589:3446,4811:2247,2172:1028,578:223,1345:605,316:139,4292:2127,767:305,2013:897,1772:828,4498:2356,3450:1495,630:236,2656:1234,7922:3811,6201:3028,1010:514,4357:2000,2105:1045,1987:868,1259:562,1999:971
Greymane,1865:881,2057:1055,3573:1678,4082:2018,2917:1401,5237:2584,2781:1346,1886:859,3508:1837,2180:925,2446:1213,1811:929,561:245,337:171,1070:434,1000:454,4689:2167,3162:1520,9789:4611,3537:1699,1402:695,1881:922,337:171,4174:1858,800:396,1998:868,0:0,3174:1455,2441:1040,809:372,5038:2536,5895:2791,1524:673,5664:2865,2460:1213,754:380,2707:1230,2582:1241,5329:2643,5130:2219,1677:740,1174:563,2453:1104,1045:501,0:0,3167:1458,1276:624,1061:452,1262:626,10152:4966,596:310,3806:1810,657:292,260:146,808:353,2565:1295,3550:1735,430:197,549:280,652:325,2890:1320,5219:2419,3260:1484,1646:711,505:183,752:394,264:109,2395:1226,723:299,1175:486,1419:686,3466:1761,2339:1015,594:255,1791:796,5772:2707,5549:2763,651:320,3427:1573,1381:718,1657:774,1467:723,1007:466
Gul'dan,1474:595,3386:1544,4625:2105,6104:3070,4145:1946,8242:4146,4165:2011,6850:3226,4292:2231,3378:1395,3642:1719,4663:2401,915:390,446:232,448:162,1636:776,6610:2855,4622:2223,14063:6470,5034:2304,2641:1223,3984:1995,446:232,5586:2469,1435:746,5017:2250,3174:1455,0:0,3568:1419,1687:800,1309:618,9545:4486,2169:918,1167:504,596:262,1710:847,3192:1555,4028:1922,7851:3960,1272:503,2418:1056,2169:1060,3553:1628,2105:949,0:0,4477:1984,2267:1085,1174:503,905:445,14562:7160,966:508,5092:2395,1152:528,376:179,2076:962,7085:3569,4438:2201,977:465,1093:553,1297:624,5283:2492,7991:3782,4917:2367,3049:1413,721:256,1998:953,269:125,5797:2924,1700:816,2559:1125,1775:832,4364:2232,2588:1148,1116:543,4197:1947,10025:4991,7326:3458,1304:642,5029:2317,2418:1210,2355:1081,2244:1059,2928:1448
Hanzo,1624:657,3914:1763,5015:2097,5921:2704,4027:1848,7673:3506,4034:1729,2395:992,4265:1960,3460:1385,3196:1373,2900:1389,907:349,360:174,1030:386,1453:618,7171:3007,5144:2265,13153:5850,5341:2293,1855:782,2604:1180,360:174,5404:2257,1086:504,2834:1094,2441:1040,3568:1419,0:0,1870:811,5565:2624,8311:3661,1811:735,6362:2806,2918:1261,1441:689,3517:1565,3854:1785,6809:3101,5630:2210,1760:682,1350:562,3189:1403,2135:904,0:0,4609:1973,2284:1070,1317:517,1787:826,14200:6340,920:424,5090:2327,767:315,320:137,1426:620,3521:1640,4897:2294,625:238,1032:516,946:431,4707:2095,7451:3186,4727:2017,1733:739,615:211,1423:603,292:123,5804:2768,1103:436,1670:664,1902:836,5369:2634,2985:1229,1106:465,1842:740,8520:3827,7828:3471,932:420,5093:2173,1908:865,2178:900,3105:1405,1525:619
Illidan,3525:1724,954:513,1641:767,1921:953,1370:650,1954:963,1415:691,959:445,1962:1026,821:350,1436:698,1301:710,343:157,157:75,667:290,504:231,2014:907,1174:551,4630:2238,1810:877,1129:568,1413:700,157:75,1764:780,433:228,1135:536,809:372,1687:800,1870:811,0:0,2830:1452,2787:1372,1054:477,3074:1615,1311:627,320:154,1460:694,972:459,3018:1515,2742:1201,1256:572,803:379,1258:557,446:214,0:0,1450:670,362:180,670:327,748:392,5096:2451,412:218,2334:1095,516:210,137:65,378:192,2457:1254,2252:1133,217:105,236:112,441:221,921:439,2583:1210,1472:646,996:478,726:292,467:200,93:44,928:467,547:233,858:413,1001:478,1948:1017,1544:764,318:144,1343:639,2666:1322,2867:1458,352:180,1203:556,845:416,994:503,730:328,866:418
Jaina,2837:1403,4964:2643,7298:3657,9617:5447,6242:3359,12702:7082,6503:3400,3732:1892,6857:3950,5199:2406,6294:3253,6840:3927,1322:614,621:348,581:242,2439:1271,11000:5466,7415:4015,21812:11292,8905:4596,4150:2208,6534:3556,621:348,8795:4304,2180:1190,7009:3458,5038:2536,1309:618,5565:2624,2830:1452,0:0,13923:7452,3264:1515,1499:737,886:417,2905:1605,5308:2865,5865:3175,12964:7125,1525:716,3633:1811,3387:1701,5628:2878,3621:1877,0:0,7681:3883,3375:1795,1789:820,1421:768,21637:11298,1469:759,8292:4423,1693:835,530:287,2815:1507,11316:6466,7478:3888,1201:621,1854:1081,1894:989,7883:4318,12456:6486,7524:3808,4472:2341,968:378,3388:1794,491:254,8626:4663,2657:1347,4011:2075,2753:1456,7089:4102,4662:2350,1659:824,6248:3208,15480:8357,11616:6340,2076:1123,7574:3905,3780:2073,3604:1832,4127:2071,4480:2388
Johanna,2924:1316,6499:3334,7181:3602,9024:4696,1651:768,9727:5157,1705:839,4364:2138,10129:5565,3331:1467,5591:2818,11894:6738,632:281,291:162,2944:1248,1443:738,10753:5077,5471:2695,2425:1106,952:401,5618:2764,8721:4618,291:162,869:389,2355:1245,8750:4192,5895:2791,9545:4486,8311:3661,2787:1372,13923:7452,0:0,5200:2390,15744:8358,6767:3647,2758:1517,4801:2398,4226:2231,12855:6779,12998:5974,3378:1605,4684:2284,5249:2593,3897:1922,0:0,6696:3198,4196:2229,2290:1037,4231:2308,1999:930,1494:808,11614:5906,1948:934,706:374,3387:1684,12817:6956,7206:3838,838:403,1927:1080,2597:1319,6458:3384,1702:816,7287:3602,5078:2561,1203:496,3163:1639,450:218,9701:5052,3045:1458,5118:2491,1075:498,7631:4195,3694:1737,1891:904,8178:4067,8940:4702,11551:5968,1995:1071,5189:2526,4270:2226,2574:1241,4190:2121,5338:2787
Junkrat,857:354,2287:1067,3098:1282,3754:1779,2399:1121,4517:2212,2373:1088,1614:734,2415:1202,2210:877,2223:1025,1970:1033,559:238,258:132,774:266,931:431,4314:1813,2903:1364,8185:3813,3072:1290,1293:597,1981:984,258:132,3459:1506,729:384,2141:985,1524:673,2169:918,1811:735,1054:477,3264:1515,5200:2390,0:0,3897:1708,1658:705,933:445,2052:996,2393:1182,4459:2254,3124:1324,1253:555,906:442,2204:1018,1391:629,0:0,2915:1201,1339:664,796:317,934:469,8718:4104,571:274,2878:1396,616:285,220:108,1035:511,3161:1573,2777:1388,511:236,589:299,680:323,2753:1306,4689:2182,3132:1429,1250:561,358:116,1064:507,137:64,3357:1655,729:331,1143:507,1099:490,2938:1495,1742:776,668:272,1511:681,5391:2703,5010:2419,614:287,3168:1439,1143:569,1474:656,1839:871,1265:601
Kael'thas,2512:1160,6206:3134,8204:4050,11428:6047,6758:3488,13853:7528,7376:3904,4943:2496,6302:3494,5722:2654,6487:3401,7717:4341,1565:733,708:388,631:244,2798:1431,11185:5292,7896:4064,22537:11645,9489:4677,4554:2336,6923:3846,708:388,9087:4498,2417:1354,7556:3732,5664:2865,1167:504,6362:2806,3074:1615,1499:737,15744:8358,3897:1708,0:0,924:423,3122:1700,5630:3051,7130:3790,13779:7693,1710:755,3686:1795,3818:2048,6214:3286,3978:1998,0:0,8567:4135,3806:2049,2098:904,1527:793,23677:12472,1724:950,8771:4590,1965:988,558:287,3085:1577,10804:6108,8230:4539,1379:745,1889:1114,2114:1146,8710:4676,14033:7230,8279:4200,4751:2544,1146:481,3305:1791,478:235,10020:5410,2670:1404,4680:2424,3078:1549,7828:4322,5119:2582,1927:944,6936:3626,16368:8970,11766:6414,2203:1259,8141:4140,4092:2271,4377:2151,4471:2329,5092:2718
Kel'Thuzad,969:420,2643:1295,3503:1685,5630:3082,3079:1665,5696:3005,3416:1821,1883:876,3072:1688,2840:1319,2500:1277,3495:1937,648:288,250:107,298:98,1130:574,5505:2672,3431:1692,9559:4603,4222:2064,2003:1023,3086:1699,250:107,4176:1944,1034:553,3163:1490,2460:1213,596:262,2918:1261,1311:627,886:417,6767:3647,1658:705,924:423,0:0,1228:635,2372:1198,3035:1603,5409:2920,962:408,1604:751,1584:785,2526:1191,1736:827,0:0,3657:1743,1644:885,869:375,741:391,10754:5643,704:391,3685:1954,749:349,265:132,1379:719,5338:2932,3504:1880,621:324,810:446,885:456,3645:1908,5767:2837,3769:1852,2007:997,455:191,1337:734,194:84,4517:2407,1109:529,1835:908,1361:670,3737:2026,2121:1079,792:406,3032:1489,7325:3902,5706:2989,1003:502,3725:1811,1774:930,1963:1005,1833:874,2243:1197
Kerrigan,680:328,670:366,1692:816,2030:1110,1355:714,1885:994,1288:688,898:450,1705:953,970:445,1237:634,1222:678,272:126,119:70,561:254,501:271,2248:1032,1198:604,4490:2306,1796:872,919:479,1399:797,119:70,1737:823,449:230,1116:523,754:380,1710:847,1441:689,320:154,2905:1605,2758:1517,933:445,3122:1700,1228:635,0:0,1240:655,1023:552,2684:1481,2371:1156,863:419,777:403,1210:583,338:181,0:0,1526:778,416:225,586:279,678:357,4696:2459,318:174,2169:1163,388:193,150:94,396:209,2240:1253,1734:927,209:113,225:127,441:254,1124:602,2597:1322,1638:850,961:487,287:109,493:277,139:58,846:457,446:229,766:389,789:428,1754:1021,1374:730,271:121,1297:672,2463:1295,2538:1375,359:197,1317:643,783:422,779:445,549:286,837:441
Kharazim,1999:911,2529:1288,193:80,289:123,2509:1271,4976:2580,2268:1102,186:81,3777:2092,1821:843,208:79,3167:1693,574:251,224:115,1198:519,997:489,239:97,2691:1394,8034:3962,3050:1518,2419:1225,3288:1781,224:115,3145:1397,945:506,3533:1542,2707:1230,3192:1555,3517:1565,1460:694,5308:2865,4801:2398,2052:996,5630:3051,2372:1198,1240:655,0:0,2448:1198,449:212,5212:2425,108:41,1893:913,142:59,1579:733,0:0,196:82,1603:816,1137:516,1351:717,8574:4363,792:431,4513:2266,1031:520,279:127,1187:624,5071:2696,269:127,454:245,851:459,864:433,2833:1434,4540:2222,193:93,2086:1084,789:347,1391:680,220:119,3588:1866,1306:592,2114:983,1228:587,2066:1018,197:72,937:410,3198:1539,5981:2964,465:202,859:448,2788:1363,1693:913,1531:729,2030:1010,2190:1149
Leoric,947:431,2329:1208,3307:1606,4267:2322,2120:1128,2141:1151,1746:920,2142:1073,3597:2082,853:403,2419:1309,3458:1881,292:152,244:135,1335:606,535:282,4845:2365,1001:527,6631:3355,2530:1300,2510:1315,3934:2184,244:135,2830:1285,720:435,3769:1828,2582:1241,4028:1922,3854:1785,972:459,5865:3175,4226:2231,2393:1182,7130:3790,3035:1603,1023:552,2448:1198,0:0,5276:2873,5526:2599,1569:754,1993:1013,2498:1226,1411:684,0:0,3117:1547,1169:606,772:369,1629:900,7042:3639,577:323,4509:2404,910:447,241:126,1006:545,5951:3313,3024:1640,230:116,611:342,906:463,1016:546,3467:1778,3308:1655,2041:1075,396:171,1027:514,118:53,2496:1281,1293:628,2612:1309,726:394,3338:1864,1691:823,740:377,3614:1880,4062:2175,5405:2890,598:310,1118:563,1368:730,844:429,1760:884,2433:1310
Li Li,2592:1214,5745:3033,155:61,242:115,5426:2839,12461:6831,5753:3023,134:63,8980:5314,4076:1969,151:73,10491:6114,1339:667,650:364,2932:1396,2339:1256,188:85,6081:3167,17768:9208,6703:3534,5302:2749,7322:4052,650:364,6729:3225,2278:1273,7532:3717,5329:2643,7851:3960,6809:3101,3018:1515,12964:7125,12855:6779,4459:2254,13779:7693,5409:2920,2684:1481,449:212,5276:2873,0:0,12057:5779,91:31,4452:2345,110:52,2853:1399,0:0,160:80,3225:1816,1922:938,3103:1717,18226:9367,1632:940,11662:6233,2417:1257,650:370,2948:1549,11027:6172,185:95,1081:551,1971:1029,2164:1205,6992:3770,10612:5617,144:58,5480:2903,961:429,3768:1930,435:218,7980:4266,3161:1616,4578:2288,2585:1351,1997:1008,237:113,1977:966,7875:4107,14418:7803,391:186,1971:1107,5706:2952,4119:2266,3354:1701,3816:1946,4894:2616
Li-Ming,2644:1051,5162:2369,6779:2899,9894:4731,5884:2715,12703:6085,5832:2665,3632:1661,6515:3273,5055:2094,5658:2570,6589:3228,1291:546,585:302,552:183,2331:1052,10231:4417,7728:3560,20209:9108,7448:3263,4186:1881,5694:2775,585:302,8055:3405,2071:1054,6546:2723,5130:2219,1272:503,5630:2210,2742:1201,1525:716,12998:5974,3124:1324,1710:755,962:408,2371:1156,5212:2425,5526:2599,12057:5779,0:0,3179:1324,3338:1535,5175:2306,2992:1287,0:0,7134:3098,3336:1611,1662:670,1493:708,21435:9798,1458:712,7882:3651,1513:624,515:238,2298:1092,10273:5216,7145:3373,1078:492,1895:949,1806:853,7359:3436,11471:5166,7064:3096,4060:1790,951:338,2976:1375,496:233,8785:4202,2398:1039,3782:1636,2696:1201,7159:3474,4235:1853,1582:658,6294:2837,14751:6906,11129:5159,1778:875,7204:3170,3448:1632,3214:1400,3671:1665,4220:1981
Lt. Morales,829:332,1620:742,29:8,56:21,1543:739,3667:1849,1680:800,30:7,2386:1223,1316:547,42:15,2187:1113,421:177,551:293,790:305,762:330,47:14,1643:759,5277:2455,2074:918,1403:645,2079:1012,551:293,2164:949,646:328,1938:802,1677:740,2418:1056,1760:682,1256:572,3633:1811,3378:1605,1253:555,3686:1795,1604:751,863:419,108:41,1569:754,91:31,3179:1324,0:0,1281:596,18:9,975:402,0:0,28:9,927:416,582:244,676:306,5294:2454,505:253,3197:1495,701:318,181:85,899:437,5241:2774,52:20,357:164,540:256,1636:834,2113:1020,3096:1385,25:7,1567:752,274:92,1655:786,129:45,2379:1137,884:410,1488:716,951:464,421:169,54:19,573:248,2969:1478,4548:2282,78:24,540:279,1919:860,1096:562,1186:529,1069:522,2034:1014
Lunara,811:351,1736:878,2381:1129,3019:1553,2073:1041,4536:2441,2215:1114,1926:937,2676:1491,1792:819,2092:1024,1336:738,482:220,248:140,775:318,871:451,3623:1699,2482:1251,7330:3608,2744:1370,957:487,1350:708,248:140,2995:1365,690:380,1752:812,1174:563,2169:1060,1350:562,803:379,3387:1701,4684:2284,906:442,3818:2048,1584:785,777:403,1893:913,1993:1013,4452:2345,3338:1535,1281:596,0:0,1899:939,891:415,0:0,2395:1160,1052:561,634:292,886:481,7634:3815,509:289,3040:1544,489:240,192:112,831:423,1821:944,2519:1301,384:196,549:288,535:249,2547:1292,4160:2101,2493:1247,1295:641,368:148,927:441,149:76,2608:1387,586:266,817:409,961:477,2494:1360,1584:709,561:232,1091:550,5284:2628,4212:2179,684:350,2587:1243,1076:565,1140:545,1168:569,735:354
Lúcio,1163:490,2643:1344,44:12,55:20,2443:1192,5337:2683,2691:1267,32:16,3898:2136,1962:874,35:15,3355:1748,506:217,242:134,1363:578,1146:586,40:14,2844:1370,8196:3959,3106:1503,2400:1137,3267:1639,242:134,3209:1459,959:501,3648:1630,2453:1104,3553:1628,3189:1403,1258:557,5628:2878,5249:2593,2204:1018,6214:3286,2526:1191,1210:583,142:59,2498:1226,110:52,5175:2306,18:9,1899:939,0:0,1481:658,0:0,42:14,1644:818,856:375,1274:642,8212:3939,699:356,5041:2529,952:443,289:146,1395:675,5380:2810,68:34,483:248,978:527,825:415,3209:1580,4683:2242,36:12,2365:1159,373:152,1612:780,248:117,3683:1862,1500:702,2163:1020,1186:589,693:342,85:39,823:342,3375:1689,6471:3230,103:36,849:426,2735:1269,1732:867,1652:808,1784:861,2245:1117
Maiev,756:346,1067:534,2395:1186,2929:1504,1799:872,2586:1311,1660:836,1078:528,2148:1116,1548:720,1440:678,1551:825,373:156,161:84,646:264,625:274,3656:1656,1871:907,6223:3026,2486:1200,1149:547,2013:1018,161:84,2585:1140,466:232,1202:533,1045:501,2105:949,2135:904,446:214,3621:1877,3897:1922,1391:629,3978:1998,1736:827,338:181,1579:733,1411:684,2853:1399,2992:1287,975:402,891:415,1481:658,0:0,0:0,2244:1067,705:357,688:326,818:406,6302:3135,368:191,2421:1192,400:172,162:87,532:270,2738:1502,2142:1086,298:156,346:189,549:269,1583:760,3130:1478,2471:1224,961:448,268:104,447:202,118:53,1437:728,560:261,974:452,859:423,2225:1185,1318:585,329:134,1369:681,3137:1496,3703:1915,372:183,2265:1076,881:457,983:455,824:388,1045:530
Mal'Ganis,0:0,0:0,0:0,0:0,0:0,0:0,0:0,0:0,0:0,0:0,0:0,0:0,0:0,0:0,0:0,0:0,0:0,0:0,0:0,0:0,0:0,0:0,0:0,0:0,0:0,0:0,0:0,0:0,0:0,0:0,0:0,0:0,0:0,0:0,0:0,0:0,0:0,0:0,0:0,0:0,0:0,0:0,0:0,0:0,0:0,0:0,0:0,0:0,0:0,0:0,0:0,0:0,0:0,0:0,0:0,0:0,0:0,0:0,0:0,0:0,0:0,0:0,0:0,0:0,0:0,0:0,0:0,0:0,0:0,0:0,0:0,0:0,0:0,0:0,0:0,0:0,0:0,0:0,0:0,0:0,0:0,0:0,0:0
Malfurion,1514:639,3581:1643,55:20,86:28,3124:1499,6511:3264,3097:1489,45:17,5066:2627,2703:1169,51:22,4360:2240,681:308,230:94,1625:604,1221:544,58:17,3850:1835,10933:4961,4007:1883,2823:1345,4523:2268,230:94,4581:2063,1233:606,4927:2255,3167:1458,4477:1984,4609:1973,1450:670,7681:3883,6696:3198,2915:1201,8567:4135,3657:1743,1526:778,196:82,3117:1547,160:80,7134:3098,28:9,2395:1160,42:14,2244:1067,0:0,0:0,2030:949,1286:568,1679:792,11314:5549,802:386,6206:2983,1092:469,375:186,1681:792,7033:3562,73:28,604:271,1016:527,1150:555,4015:1915,7128:3313,40:17,2674:1304,479:193,1686:802,268:118,5224:2610,2121:1003,2493:1124,1382:666,957:431,87:37,1098:484,3939:1768,7581:3709,119:41,1068:522,4057:1869,2262:1125,1850:857,2618:1256,2765:1317
Malthael,695:337,1011:532,2065:1005,3246:1843,1658:889,2077:1102,1597:815,1302:636,2326:1279,900:418,1578:802,1931:1051,255:109,230:141,639:286,530:283,3062:1458,1149:580,5780:2908,2320:1196,1226:625,1895:1014,230:141,2458:1142,424:232,1985:916,1276:624,2267:1085,2284:1070,362:180,3375:1795,4196:2229,1339:664,3806:2049,1644:885,416:225,1603:816,1169:606,3225:1816,3336:1611,927:416,1052:561,1644:818,705:357,0:0,2030:949,0:0,646:315,976:528,6293:3251,326:164,2525:1317,452:197,167:88,378:193,3309:1801,2051:1068,219:110,270:143,540:289,993:497,3257:1580,2149:1016,1163:601,317:136,426:211,96:52,1008:537,643:306,1303:638,730:389,2280:1283,1204:620,372:174,1952:997,3082:1549,3690:1879,323:169,1287:628,779:399,903:489,740:386,1306:704
Medivh,380:172,1085:498,1287:537,1846:921,867:388,1590:786,1011:477,668:292,1027:504,714:284,926:414,1253:617,198:69,205:105,355:113,352:168,1859:738,1015:470,3791:1770,1318:573,790:333,1311:626,205:105,1429:627,255:107,1071:402,1061:452,1174:503,1317:517,670:327,1789:820,2290:1037,796:317,2098:904,869:375,586:279,1137:516,772:369,1922:938,1662:670,582:244,634:292,856:375,688:326,0:0,1286:568,646:315,0:0,659:299,3636:1621,260:106,1148:546,309:108,97:38,452:210,2008:982,1363:652,180:76,290:136,426:181,1090:505,2555:1118,1236:550,469:210,147:36,728:328,60:15,1614:755,431:182,713:323,392:176,1706:867,890:373,299:130,1106:478,2187:1021,2174:991,325:166,1134:505,446:213,418:171,696:318,901:414
Mephisto,760:361,1489:732,1742:886,3483:1931,1867:991,3058:1780,1750:874,1094:556,1643:931,1708:803,1378:729,1712:1008,360:161,190:107,329:152,659:355,2708:1294,2065:1075,5539:2855,2276:1163,1206:627,1564:866,190:107,2167:1037,517:278,1526:764,1262:626,905:445,1787:826,748:392,1421:768,4231:2308,934:469,1527:793,741:391,678:357,1351:717,1629:900,3103:1717,1493:708,676:306,886:481,1274:642,818:406,0:0,1679:792,976:528,659:299,0:0,6013:3175,388:208,2024:1107,450:235,137:81,664:348,2700:1587,1809:941,301:157,431:236,464:236,1838:983,3272:1627,1771:924,946:504,273:127,760:398,106:65,2334:1304,648:324,1240:628,794:423,4554:2690,1043:531,460:239,1437:780,3790:2050,2860:1437,531:285,1931:971,949:520,1039:565,1077:552,1128:628
Muradin,5865:2756,11005:5650,11513:5411,14837:7640,3184:1549,15720:8173,3120:1452,6929:3495,14360:8088,5531:2498,8862:4406,13485:7359,1208:573,469:245,4447:1994,2467:1210,16750:8103,9329:4706,4791:2081,1948:851,9361:4691,13773:7258,469:245,1866:777,3482:1898,14274:6628,10152:4966,14562:7160,14200:6340,5096:2451,21637:11298,1999:930,8718:4104,23677:12472,10754:5643,4696:2459,8574:4363,7042:3639,18226:9367,21435:9798,5294:2454,7634:3815,8212:3939,6302:3135,0:0,11314:5549,6293:3251,3636:1621,6013:3175,0:0,2465:1389,17640:8931,3337:1632,1071:548,4777:2481,21996:11751,11928:6163,1411:733,3244:1741,3905:1992,10457:5315,3415:1536,11426:5610,7650:3829,1959:826,4799:2361,813:377,15638:8239,5050:2408,8030:3807,2024:992,12619:6818,6633:3176,3141:1445,12976:6349,14528:7531,18013:9316,2888:1497,8919:4332,6684:3587,4687:2276,7815:3952,9079:4682
Murky,659:298,695:375,822:411,1193:699,615:326,1131:629,688:343,550:288,622:357,418:183,781:408,960:582,143:66,119:64,363:163,289:151,1042:504,517:273,2314:1226,897:433,641:339,857:474,119:64,825:394,251:143,842:412,596:310,966:508,920:424,412:218,1469:759,1494:808,571:274,1724:950,704:391,318:174,792:431,577:323,1632:940,1458:712,505:253,509:289,699:356,368:191,0:0,802:386,326:164,260:106,388:208,2465:1389,0:0,792:424,336:164,88:36,293:167,1447:839,844:455,106:61,215:123,221:121,646:334,1403:729,834:425,367:197,185:71,472:243,83:25,889:495,378:184,595:302,328:184,949:543,636:309,265:120,877:462,1699:908,1266:669,150:70,530:266,270:146,369:195,495:252,624:344
Nazeebo,1169:495,4490:2243,5869:2906,7372:3920,4951:2552,9345:4842,5150:2582,3574:1784,2020:1101,3539:1662,5350:2737,5966:3301,1093:517,521:286,2123:935,1903:956,8351:4014,4707:2366,17027:8623,6251:3116,3784:1868,5276:2894,521:286,6409:3113,752:415,5707:2761,3806:1810,5092:2395,5090:2327,2334:1095,8292:4423,11614:5906,2878:1396,8771:4590,3685:1954,2169:1163,4513:2266,4509:2404,11662:6233,7882:3651,3197:1495,3040:1544,5041:2529,2421:1192,0:0,6206:2983,2525:1317,1148:546,2024:1107,17640:8931,792:424,0:0,1790:878,201:102,2146:1134,8920:4890,6157:3210,760:384,1445:788,942:500,5547:2789,10565:5398,6272:3054,1302:660,829:361,2802:1448,173:71,6927:3705,2262:1048,3644:1806,2348:1181,5554:3080,4030:2033,1507:705,5902:2906,12429:6574,8691:4463,616:339,5073:2505,831:424,2746:1380,3071:1605,4023:2095
Nova,505:179,808:386,1061:484,1361:651,920:452,1935:975,902:425,664:312,1533:852,658:279,1102:548,911:475,290:127,80:36,407:164,442:218,1489:686,994:525,3162:1472,1227:567,715:340,926:462,80:36,1202:492,466:234,730:287,657:292,1152:528,767:315,516:210,1693:835,1948:934,616:285,1965:988,749:349,388:193,1031:520,910:447,2417:1257,1513:624,701:318,489:240,952:443,400:172,0:0,1092:469,452:197,309:108,450:235,3337:1632,336:164,1790:878,0:0,111:46,437:227,1510:775,1155:568,217:105,299:145,404:193,1046:508,2034:977,1127:516,782:376,218:75,717:343,111:44,1247:605,332:147,569:269,458:201,1174:599,858:371,280:119,866:410,2410:1200,1652:785,347:169,941:432,669:354,507:236,501:209,645:323
Probius,114:43,296:154,435:226,508:266,263:137,512:282,258:141,218:95,187:92,251:110,276:137,439:248,77:35,56:38,142:59,129:61,527:263,256:120,1054:557,432:204,170:82,337:194,56:38,398:216,96:45,341:161,260:146,376:179,320:137,137:65,530:287,706:374,220:108,558:287,265:132,150:94,279:127,241:126,650:370,515:238,181:85,192:112,289:146,162:87,0:0,375:186,167:88,97:38,137:81,1071:548,88:36,201:102,111:46,0:0,132:71,589:341,342:190,53:32,95:52,78:31,295:146,591:313,414:211,115:50,70:24,154:71,19:2,421:210,122:63,182:90,133:61,370:190,215:99,110:48,333:169,659:339,574:304,48:23,318:156,103:45,185:99,202:106,224:119
Ragnaros,459:224,798:422,1758:850,2129:1166,1209:590,1870:987,1295:614,1055:515,1584:874,821:359,1461:738,1524:830,269:126,185:115,620:282,551:289,2413:1115,1016:537,4569:2299,1791:844,917:456,1449:770,185:115,1764:834,414:223,1451:664,808:353,2076:962,1426:620,378:192,2815:1507,3387:1684,1035:511,3085:1577,1379:719,396:209,1187:624,1006:545,2948:1549,2298:1092,899:437,831:423,1395:675,532:270,0:0,1681:792,378:193,452:210,664:348,4777:2481,293:167,2146:1134,437:227,132:71,0:0,2364:1310,1602:793,251:116,228:114,489:263,1038:500,2700:1372,1835:855,1123:573,261:105,478:242,67:22,774:398,589:297,951:480,587:302,1643:937,944:472,326:137,1544:736,2710:1443,2578:1343,312:151,1110:513,635:315,794:398,632:319,1017:528
Raynor,2648:1277,5340:2902,7112:3570,8618:4687,6490:3573,11103:6189,6803:3621,4935:2595,7507:4446,5323:2582,5560:3054,3462:2025,1414:691,685:412,2150:1006,2255:1226,10308:5438,6904:3736,19210:10268,8202:4463,2606:1384,3281:1850,685:412,7730:3993,1937:1120,4393:2208,2565:1295,7085:3569,3521:1640,2457:1254,11316:6466,12817:6956,3161:1573,10804:6108,5338:2932,2240:1253,5071:2696,5951:3313,11027:6172,10273:5216,5241:2774,1821:944,5380:2810,2738:1502,0:0,7033:3562,3309:1801,2008:982,2700:1587,21996:11751,1447:839,8920:4890,1510:775,589:341,2364:1310,0:0,7541:4187,1163:614,1550:865,1582:873,7029:3876,12077:6469,7184:3833,3698:1984,1286:597,2590:1395,474:242,7505:4109,1516:758,1892:922,2729:1484,7658:4430,4275:2270,1697:855,2043:1029,13088:7135,10257:5706,1709:990,7076:3820,3269:1866,3444:1783,3796:2070,1641:859
Rehgar,2187:1060,3635:1946,73:31,96:52,3386:1734,6649:3539,3348:1645,58:24,5009:2857,2573:1186,61:28,4645:2617,663:313,443:224,1473:646,1326:679,78:33,4132:2160,11608:6011,4259:2172,3195:1646,4749:2614,443:224,4483:2101,1225:656,5127:2407,3550:1735,4438:2201,4897:2294,2252:1133,7478:3888,7206:3838,2777:1388,8230:4539,3504:1880,1734:927,269:127,3024:1640,185:95,7145:3373,52:20,2519:1301,68:34,2142:1086,0:0,73:28,2051:1068,1363:652,1809:941,11928:6163,844:455,6157:3210,1155:568,342:190,1602:793,7541:4187,0:0,611:306,1165:617,1166:631,4095:2130,6068:3016,72:29,2736:1385,595:271,1845:899,340:166,5246:2753,1780:822,2714:1358,1557:776,1278:661,90:32,1163:538,4310:2156,7942:4180,170:67,1034:542,3962:1996,2227:1246,1887:950,2657:1349,3223:1653
Rexxar,183:66,489:249,654:290,865:451,353:166,502:266,347:166,406:190,693:385,197:95,579:311,705:370,68:26,45:21,298:136,123:63,869:412,221:120,1310:645,485:238,433:218,727:393,45:21,541:238,156:71,713:348,430:197,977:465,625:238,217:105,1201:621,838:403,511:236,1379:745,621:324,209:113,454:245,230:116,1081:551,1078:492,357:164,384:196,483:248,298:156,0:0,604:271,219:110,180:76,301:157,1411:733,106:61,760:384,217:105,53:32,251:116,1163:614,611:306,0:0,150:82,192:100,231:111,740:380,657:332,423:209,94:37,282:136,23:7,493:261,238:112,433:196,142:73,640:345,330:179,180:82,672:323,850:447,1034:499,133:59,249:114,239:121,190:95,310:146,487:271
Samuro,845:473,542:287,1056:544,1195:662,867:484,1387:733,898:488,641:335,1241:754,554:256,1062:623,863:506,157:72,116:77,407:192,350:176,1469:773,777:415,2962:1580,1193:649,691:387,916:523,116:77,1154:556,296:169,764:381,549:280,1093:553,1032:516,236:112,1854:1081,1927:1080,589:299,1889:1114,810:446,225:127,851:459,611:342,1971:1029,1895:949,540:256,549:288,978:527,346:189,0:0,1016:527,270:143,290:136,431:236,3244:1741,215:123,1445:788,299:145,95:52,228:114,1550:865,1165:617,150:82,0:0,308:160,680:367,1693:882,1064:586,697:394,172:87,331:170,64:28,611:317,382:191,510:256,404:222,1225:735,647:318,191:97,946:490,1695:938,1681:937,232:132,723:361,513:288,408:207,349:187,592:330
Sgt. Hammer,338:151,998:521,1263:578,1548:837,1013:541,2069:1113,1116:572,942:472,805:448,917:386,960:494,955:513,243:113,88:42,434:201,412:201,2238:1091,1092:586,3722:1893,1506:725,584:294,912:506,88:42,1642:796,262:165,1011:498,652:325,1297:624,946:431,441:221,1894:989,2597:1319,680:323,2114:1146,885:456,441:254,864:433,906:463,2164:1205,1806:853,1636:834,535:249,825:415,549:269,0:0,1150:555,540:289,426:181,464:236,3905:1992,221:121,942:500,404:193,78:31,489:263,1582:873,1166:631,192:100,308:160,0:0,1215:644,2100:1096,1287:621,393:205,250:87,578:303,75:28,1411:766,400:216,537:261,500:238,1215:667,830:413,301:155,989:498,2618:1363,1898:977,196:101,1340:670,309:172,836:417,627:343,554:266
Sonya,1472:693,2465:1228,4159:2036,5134:2645,2709:1457,1843:995,2555:1317,2655:1295,4370:2407,957:438,3210:1608,4357:2393,377:171,448:260,1543:660,530:271,5895:2802,1109:554,10440:5189,3885:1944,3052:1550,4397:2328,448:260,3924:1873,861:427,4535:2155,2890:1320,5283:2492,4707:2095,921:439,7883:4318,6458:3384,2753:1306,8710:4676,3645:1908,1124:602,2833:1434,1016:546,6992:3770,7359:3436,2113:1020,2547:1292,3209:1580,1583:760,0:0,4015:1915,993:497,1090:505,1838:983,10457:5315,646:334,5547:2789,1046:508,295:146,1038:500,7029:3876,4095:2130,231:111,680:367,1215:644,0:0,5506:2732,4063:1966,2593:1324,561:248,1143:607,169:67,2332:1229,1675:832,2569:1214,984:534,3993:2263,2232:1102,883:394,4591:2255,4359:2269,6406:3426,663:341,1246:565,1640:850,861:456,1921:924,2959:1568
Stitches,2279:954,6104:2962,6112:2902,8064:4215,2023:937,8199:4260,1762:873,3830:1824,7948:4216,2669:1140,5100:2558,7426:3952,640:303,231:122,2650:1125,1389:653,8740:3932,4385:2141,3765:1705,1399:637,5163:2463,7322:3807,231:122,1616:677,1970:1038,7589:3446,5219:2419,7991:3782,7451:3186,2583:1210,12456:6486,1702:816,4689:2182,14033:7230,5767:2837,2597:1322,4540:2222,3467:1778,10612:5617,11471:5166,3096:1385,4160:2101,4683:2242,3130:1478,0:0,7128:3313,3257:1580,2555:1118,3272:1627,3415:1536,1403:729,10565:5398,2034:977,591:313,2700:1372,12077:6469,6068:3016,740:380,1693:882,2100:1096,5506:2732,0:0,6368:3012,4520:2206,1108:438,2832:1395,320:153,8590:4444,2822:1321,4639:2193,1061:500,7136:3806,3774:1796,1921:829,7172:3505,8924:4602,9816:4934,1726:895,4191:2052,3630:1872,2334:1153,4012:2010,5099:2623
Stukov,1428:590,3677:1814,46:16,53:21,3382:1635,6615:3433,3252:1600,39:16,4884:2538,2887:1227,49:21,4572:2384,694:289,238:103,1645:713,1296:658,49:13,3886:1909,11115:5324,4149:2023,3075:1440,4802:2433,238:103,4581:2098,1227:611,4811:2247,3260:1484,4917:2367,4727:2017,1472:646,7524:3808,7287:3602,3132:1429,8279:4200,3769:1852,1638:850,193:93,3308:1655,144:58,7064:3096,25:7,2493:1247,36:12,2471:1224,0:0,40:17,2149:1016,1236:550,1771:924,11426:5610,834:425,6272:3054,1127:516,414:211,1835:855,7184:3833,72:29,657:332,1064:586,1287:621,4063:1966,6368:3012,0:0,2752:1338,565:247,1586:775,270:123,5245:2640,1699:825,2825:1350,1507:743,1000:485,78:37,1036:462,4083:1952,7980:4090,98:39,1064:532,4194:2009,2254:1096,2042:1078,2562:1218,2984:1498
Sylvanas,497:214,1885:944,2508:1160,3013:1530,2059:1050,4494:2349,2241:1103,1585:788,1166:647,1630:709,2575:1323,2366:1321,505:222,288:167,1106:490,914:456,3494:1563,1929:960,7292:3648,2738:1340,1489:722,2192:1201,288:167,2616:1213,375:192,2172:1028,1646:711,3049:1413,1733:739,996:478,4472:2341,5078:2561,1250:561,4751:2544,2007:997,961:487,2086:1084,2041:1075,5480:2903,4060:1790,1567:752,1295:641,2365:1159,961:448,0:0,2674:1304,1163:601,469:210,946:504,7650:3829,367:197,1302:660,782:376,115:50,1123:573,3698:1984,2736:1385,423:209,697:394,393:205,2593:1324,4520:2206,2752:1338,0:0,432:156,1493:760,141:51,2987:1532,958:455,1411:688,1044:507,2332:1218,1857:866,655:298,2258:1091,5448:2798,3765:1980,380:220,2155:1023,528:263,1170:565,1167:585,1629:788
Tassadar,326:116,516:212,551:209,664:284,462:195,985:435,572:218,391:173,661:303,371:144,479:206,638:298,133:40,90:31,242:68,213:84,665:252,399:191,1881:776,711:302,416:159,625:259,90:31,692:263,181:75,578:223,505:183,721:256,615:211,726:292,968:378,1203:496,358:116,1146:481,455:191,287:109,789:347,396:171,961:429,951:338,274:92,368:148,373:152,268:104,0:0,479:193,317:136,147:36,273:127,1959:826,185:71,829:361,218:75,70:24,261:105,1286:597,595:271,94:37,172:87,250:87,561:248,1108:438,565:247,432:156,0:0,488:205,33:9,728:297,1116:469,402:161,235:104,1236:514,452:189,203:81,1245:575,1319:594,899:374,158:70,510:211,274:119,318:99,358:131,569:251
The Butcher,948:403,856:444,1613:800,1936:1021,1306:683,2362:1202,1316:687,1027:518,2206:1246,931:444,1611:852,1419:795,300:146,108:59,848:391,623:318,2266:1083,1205:581,4710:2295,1907:944,1094:545,1374:737,108:59,2054:983,565:313,1345:605,752:394,1998:953,1423:603,467:200,3388:1794,3163:1639,1064:507,3305:1791,1337:734,493:277,1391:680,1027:514,3768:1930,2976:1375,1655:786,927:441,1612:780,447:202,0:0,1686:802,426:211,728:328,760:398,4799:2361,472:243,2802:1448,717:343,154:71,478:242,2590:1395,1845:899,282:136,331:170,578:303,1143:607,2832:1395,1586:775,1493:760,488:205,0:0,122:65,861:412,719:337,879:416,891:435,1894:1045,1665:840,440:195,1663:798,3107:1613,2548:1307,522:260,1227:594,941:516,946:460,674:338,904:435
The Lost Vikings,114:39,206:97,258:114,293:138,184:97,265:148,200:100,169:85,152:70,102:42,203:101,324:174,40:15,115:60,96:38,69:24,373:174,99:37,739:380,270:134,191:95,243:122,115:60,278:135,65:19,316:139,264:109,269:125,292:123,93:44,491:254,450:218,137:64,478:235,194:84,139:58,220:119,118:53,435:218,496:233,129:45,149:76,248:117,118:53,0:0,268:118,96:52,60:15,106:65,813:377,83:25,173:71,111:44,19:2,67:22,474:242,340:166,23:7,64:28,75:28,169:67,320:153,270:123,141:51,33:9,122:65,0:0,356:188,118:63,139:71,81:38,321:169,162:81,97:33,233:112,511:257,419:216,44:20,151:73,51:17,124:52,168:80,199:91
Thrall,1967:861,2209:1136,5459:2675,7108:3919,3913:2060,4675:2495,3761:1961,3093:1588,5755:3282,2320:1052,4021:2033,4312:2491,684:301,501:292,1855:798,1118:574,7618:3741,3064:1588,15146:7812,5350:2743,3116:1600,4976:2774,501:292,6123:2985,1128:597,4292:2127,2395:1226,5797:2924,5804:2768,928:467,8626:4663,9701:5052,3357:1655,10020:5410,4517:2407,846:457,3588:1866,2496:1281,7980:4266,8785:4202,2379:1137,2608:1387,3683:1862,1437:728,0:0,5224:2610,1008:537,1614:755,2334:1304,15638:8239,889:495,6927:3705,1247:605,421:210,774:398,7505:4109,5246:2753,493:261,611:317,1411:766,2332:1229,8590:4444,5245:2640,2987:1532,728:297,861:412,356:188,0:0,1629:799,2647:1323,1674:847,5837:3274,2939:1451,917:448,4312:2157,6917:3576,8542:4603,773:394,3136:1578,2460:1338,2206:1147,2044:1094,2982:1594
Tracer,1117:476,1107:543,1583:696,1689:767,1487:715,2807:1384,1417:674,939:417,1912:1002,1151:497,1468:736,1052:563,318:138,171:85,571:248,618:311,2378:1044,1678:781,4878:2339,1842:891,802:375,1012:541,171:85,1885:796,483:232,767:305,723:299,1700:816,1103:436,547:233,2657:1347,3045:1458,729:331,2670:1404,1109:529,446:229,1306:592,1293:628,3161:1616,2398:1039,884:410,586:266,1500:702,560:261,0:0,2121:1003,643:306,431:182,648:324,5050:2408,378:184,2262:1048,332:147,122:63,589:297,1516:758,1780:822,238:112,382:191,400:216,1675:832,2822:1321,1699:825,958:455,1116:469,719:337,118:63,1629:799,0:0,558:240,706:300,1855:983,1061:486,312:122,760:377,3274:1585,2797:1405,509:272,1669:790,864:432,853:396,639:293,595:256
Tychus,880:395,1938:933,2874:1324,3355:1655,2286:1106,4231:2137,2336:1177,1531:690,2889:1553,1761:748,2257:1123,1578:832,507:216,251:123,917:394,886:405,4090:1865,2597:1255,7396:3532,2963:1467,1119:538,1491:724,251:123,3324:1450,691:344,2013:897,1175:486,2559:1125,1670:664,858:413,4011:2075,5118:2491,1143:507,4680:2424,1835:908,766:389,2114:983,2612:1309,4578:2288,3782:1636,1488:716,817:409,2163:1020,974:452,0:0,2493:1124,1303:638,713:323,1240:628,8030:3807,595:302,3644:1806,569:269,182:90,951:480,1892:922,2714:1358,433:196,510:256,537:261,2569:1214,4639:2193,2825:1350,1411:688,402:161,879:416,139:71,2647:1323,558:240,0:0,1034:498,2819:1460,1637:733,548:218,1131:514,5404:2627,4684:2336,633:310,2743:1292,1278:665,1203:569,1254:604,766:361
Tyrael,698:309,1247:640,1565:710,1980:1019,752:365,1634:890,633:281,1005:491,1872:1028,675:297,1241:607,1666:951,178:80,71:39,631:272,321:171,1974:895,942:471,2097:988,803:367,1260:627,1637:854,71:39,753:316,424:208,1772:828,1419:686,1775:832,1902:836,1001:478,2753:1456,1075:498,1099:490,3078:1549,1361:670,789:428,1228:587,726:394,2585:1351,2696:1201,951:464,961:477,1186:589,859:423,0:0,1382:666,730:389,392:176,794:423,2024:992,328:184,2348:1181,458:201,133:61,587:302,2729:1484,1557:776,142:73,404:222,500:238,984:534,1061:500,1507:743,1044:507,235:104,891:435,81:38,1674:847,706:300,1034:498,0:0,1590:866,979:471,479:230,1785:856,2175:1145,2682:1349,335:165,976:482,736:385,526:245,986:467,1200:641
Tyrande,2081:1039,4015:2160,980:430,1377:659,3561:1960,6555:3705,3509:1889,602:286,4984:2887,3172:1556,1029:469,4540:2611,779:398,344:190,1433:659,1307:668,1237:552,4222:2276,11758:6219,4745:2482,3196:1691,4588:2652,344:190,4788:2488,1320:741,4498:2356,3466:1761,4364:2232,5369:2634,1948:1017,7089:4102,7631:4195,2938:1495,7828:4322,3737:2026,1754:1021,2066:1018,3338:1864,1997:1008,7159:3474,421:169,2494:1360,693:342,2225:1185,0:0,957:431,2280:1283,1706:867,4554:2690,12619:6818,949:543,5554:3080,1174:599,370:190,1643:937,7658:4430,1278:661,640:345,1225:735,1215:667,3993:2263,7136:3806,1000:485,2332:1218,1236:514,1894:1045,321:169,5837:3274,1855:983,2819:1460,1590:866,0:0,1067:524,1275:639,3918:2104,8527:4737,1797:851,1162:671,4235:2288,2190:1234,2155:1108,2928:1594,3074:1725
Uther,1369:643,2269:1113,92:26,135:67,1876:919,3727:1913,2043:994,73:40,3204:1772,1314:577,85:42,2742:1430,442:179,218:101,1043:433,826:402,126:45,2036:988,6245:2976,2596:1221,2025:997,2700:1434,218:101,2602:1088,830:423,3450:1495,2339:1015,2588:1148,2985:1229,1544:764,4662:2350,3694:1737,1742:776,5119:2582,2121:1079,1374:730,197:72,1691:823,237:113,4235:1853,54:19,1584:709,85:39,1318:585,0:0,87:37,1204:620,890:373,1043:531,6633:3176,636:309,4030:2033,858:371,215:99,944:472,4275:2270,90:32,330:179,647:318,830:413,2232:1102,3774:1796,78:37,1857:866,452:189,1665:840,162:81,2939:1451,1061:486,1637:733,979:471,1067:524,0:0,806:354,2840:1312,5000:2500,198:75,675:319,1964:909,1363:698,1233:567,1658:813,1977:958
Valeera,739:312,624:297,1035:452,1398:672,897:446,1539:721,889:391,663:306,1283:670,650:273,911:414,995:472,263:103,106:47,401:148,332:165,1603:692,915:373,2942:1333,1194:536,685:303,948:472,106:47,1229:516,307:151,630:236,594:255,1116:543,1106:465,318:144,1659:824,1891:904,668:272,1927:944,792:406,271:121,937:410,740:377,1977:966,1582:658,573:248,561:232,823:342,329:134,0:0,1098:484,372:174,299:130,460:239,3141:1445,265:120,1507:705,280:119,110:48,326:137,1697:855,1163:538,180:82,191:97,301:155,883:394,1921:829,1036:462,655:298,203:81,440:195,97:33,917:448,312:122,548:218,479:230,1275:639,806:354,0:0,863:406,2017:926,1837:883,270:138,1050:446,580:270,486:225,327:138,620:296
Valla,1475:626,3166:1631,3873:1830,4796:2390,3785:1885,8792:4645,3758:1878,5419:2711,4832:2622,2811:1265,3423:1707,2162:1120,895:407,446:247,1404:600,1488:746,5417:2448,3843:1928,12399:5981,4711:2394,1261:623,1904:959,446:247,4941:2294,1309:667,2656:1234,1791:796,4197:1947,1842:740,1343:639,6248:3208,8178:4067,1511:681,6936:3626,3032:1489,1297:672,3198:1539,3614:1880,7875:4107,6294:2837,2969:1478,1091:550,3375:1689,1369:681,0:0,3939:1768,1952:997,1106:478,1437:780,12976:6349,877:462,5902:2906,866:410,333:169,1544:736,2043:1029,4310:2156,672:323,946:490,989:498,4591:2255,7172:3505,4083:1952,2258:1091,1245:575,1663:798,233:112,4312:2157,760:377,1131:514,1785:856,3918:2104,2840:1312,863:406,0:0,9180:4591,6600:3407,1066:543,4142:1988,1936:925,2520:1238,1944:986,958:462
Varian,3353:1486,6165:3250,7823:3856,9890:5293,4701:2464,8574:4568,4225:2166,5222:2629,9070:5160,3425:1680,7133:3653,8506:4718,1056:474,628:360,3412:1601,1853:950,10637:5105,5008:2590,14825:7528,5385:2805,6388:3247,8430:4560,628:360,5697:2725,2285:1230,7922:3811,5772:2707,10025:4991,8520:3827,2666:1322,15480:8357,8940:4702,5391:2703,16368:8970,7325:3902,2463:1295,5981:2964,4062:2175,14418:7803,14751:6906,4548:2282,5284:2628,6471:3230,3137:1496,0:0,7581:3709,3082:1549,2187:1021,3790:2050,14528:7531,1699:908,12429:6574,2410:1200,659:339,2710:1443,13088:7135,7942:4180,850:447,1695:938,2618:1363,4359:2269,8924:4602,7980:4090,5448:2798,1319:594,3107:1613,511:257,6917:3576,3274:1585,5404:2627,2175:1145,8527:4737,5000:2500,2017:926,9180:4591,0:0,12253:6453,1929:1019,4849:2442,4247:2260,2849:1543,3982:1947,6014:3130
Whitemane,2499:1169,5985:3085,103:45,186:68,5588:2889,10458:5570,5648:2911,106:41,6767:3742,4838:2206,143:58,7495:4254,1253:549,603:301,2473:1075,2058:1042,99:37,6171:3066,15659:7852,7083:3663,4863:2401,7359:3988,603:301,6703:3283,1793:965,6201:3028,5549:2763,7326:3458,7828:3471,2867:1458,11616:6340,11551:5968,5010:2419,11766:6414,5706:2989,2538:1375,465:202,5405:2890,391:186,11129:5159,78:24,4212:2179,103:36,3703:1915,0:0,119:41,3690:1879,2174:991,2860:1437,18013:9316,1266:669,8691:4463,1652:785,574:304,2578:1343,10257:5706,170:67,1034:499,1681:937,1898:977,6406:3426,9816:4934,98:39,3765:1980,899:374,2548:1307,419:216,8542:4603,2797:1405,4684:2336,2682:1349,1797:851,198:75,1837:883,6600:3407,12253:6453,0:0,1660:856,6676:3317,3303:1773,3605:1850,4293:2192,4905:2545
Xul,210:95,703:368,1078:564,1422:776,778:414,1266:680,832:439,671:341,444:251,634:297,911:467,1061:648,163:87,169:108,468:217,303:150,1503:762,627:341,2889:1474,1140:567,708:368,1048:541,169:108,1061:517,176:97,1010:514,651:320,1304:642,932:420,352:180,2076:1123,1995:1071,614:287,2203:1259,1003:502,359:197,859:448,598:310,1971:1107,1778:875,540:279,684:350,849:426,372:183,0:0,1068:522,323:169,325:166,531:285,2888:1497,150:70,616:339,347:169,48:23,312:151,1709:990,1034:542,133:59,232:132,196:101,663:341,1726:895,1064:532,380:220,158:70,522:260,44:20,773:394,509:272,633:310,335:165,1162:671,675:319,270:138,1066:543,1929:1019,1660:856,0:0,688:328,232:124,423:228,463:255,689:359
Yrel,1411:610,2931:1460,4288:1967,5234:2713,2603:1318,2396:1255,1972:968,2312:1073,3995:2133,908:388,2836:1360,4764:2593,340:146,404:233,1444:631,614:287,6722:3105,1023:478,8510:4082,3061:1520,2998:1426,4625:2376,404:233,3508:1560,763:384,4357:2000,3427:1573,5029:2317,5093:2173,1203:556,7574:3905,5189:2526,3168:1439,8141:4140,3725:1811,1317:643,2788:1363,1118:563,5706:2952,7204:3170,1919:860,2587:1243,2735:1269,2265:1076,0:0,4057:1869,1287:628,1134:505,1931:971,8919:4332,530:266,5073:2505,941:432,318:156,1110:513,7076:3820,3962:1996,249:114,723:361,1340:670,1246:565,4191:2052,4194:2009,2155:1023,510:211,1227:594,151:73,3136:1578,1669:790,2743:1292,976:482,4235:2288,1964:909,1050:446,4142:1988,4849:2442,6676:3317,688:328,0:0,1451:714,1039:519,2214:1067,3181:1593
Zagara,430:186,1635:880,2095:1045,2847:1502,1698:898,2924:1607,1748:922,1198:621,810:458,1021:464,2132:1143,2195:1235,366:172,276:172,836:363,650:333,3001:1496,1510:776,6153:3256,2324:1207,1426:722,1911:1051,276:172,2290:1141,292:152,2105:1045,1381:718,2418:1210,1908:865,845:416,3780:2073,4270:2226,1143:569,4092:2271,1774:930,783:422,1693:913,1368:730,4119:2266,3448:1632,1096:562,1076:565,1732:867,881:457,0:0,2262:1125,779:399,446:213,949:520,6684:3587,270:146,831:424,669:354,103:45,635:315,3269:1866,2227:1246,239:121,513:288,309:172,1640:850,3630:1872,2254:1096,528:263,274:119,941:516,51:17,2460:1338,864:432,1278:665,736:385,2190:1234,1363:698,580:270,1936:925,4247:2260,3303:1773,232:124,1451:714,0:0,944:508,1180:633,1361:752
Zarya,555:256,1697:878,2154:1044,2881:1506,1272:623,1797:956,1338:697,1472:745,2077:1076,743:315,1672:821,2093:1190,230:94,225:116,803:314,446:212,2752:1271,827:418,4666:2269,1821:865,1463:717,2350:1209,225:116,1726:803,468:257,1987:868,1657:774,2355:1081,2178:900,994:503,3604:1832,2574:1241,1474:656,4377:2151,1963:1005,779:445,1531:729,844:429,3354:1701,3214:1400,1186:529,1140:545,1652:808,983:455,0:0,1850:857,903:489,418:171,1039:565,4687:2276,369:195,2746:1380,507:236,185:99,794:398,3444:1783,1887:950,190:95,408:207,836:417,861:456,2334:1153,2042:1078,1170:565,318:99,946:460,124:52,2206:1147,853:396,1203:569,526:245,2155:1108,1233:567,486:225,2520:1238,2849:1543,3605:1850,423:228,1039:519,944:508,0:0,1148:573,1517:751
Zeratul,1541:756,1499:729,2740:1311,3673:1978,2147:1069,3269:1664,2014:988,1408:666,2779:1540,1536:708,1930:947,2106:1150,461:203,206:110,791:332,746:322,3776:1758,2223:1086,7746:3858,2838:1381,1555:804,2450:1287,206:110,2949:1373,613:320,1259:562,1467:723,2244:1059,3105:1405,730:328,4127:2071,4190:2121,1839:871,4471:2329,1833:874,549:286,2030:1010,1760:884,3816:1946,3671:1665,1069:522,1168:569,1784:861,824:388,0:0,2618:1256,740:386,696:318,1077:552,7815:3952,495:252,3071:1605,501:209,202:106,632:319,3796:2070,2657:1349,310:146,349:187,627:343,1921:924,4012:2010,2562:1218,1167:585,358:131,674:338,168:80,2044:1094,639:293,1254:604,986:467,2928:1594,1658:813,327:138,1944:986,3982:1947,4293:2192,463:255,2214:1067,1180:633,1148:573,0:0,1478:776
Zul'jin,1031:430,2283:1211,2951:1421,3805:1998,2592:1336,5139:2785,2673:1298,2280:1148,3228:1856,2091:983,2298:1151,1460:826,570:268,227:115,931:410,981:510,4138:2152,2879:1501,8747:4395,3231:1664,1014:497,1307:690,227:115,3595:1758,829:451,1999:971,1007:466,2928:1448,1525:619,866:418,4480:2388,5338:2787,1265:601,5092:2718,2243:1197,837:441,2190:1149,2433:1310,4894:2616,4220:1981,2034:1014,735:354,2245:1117,1045:530,0:0,2765:1317,1306:704,901:414,1128:628,9079:4682,624:344,4023:2095,645:323,224:119,1017:528,1641:859,3223:1653,487:271,592:330,554:266,2959:1568,5099:2623,2984:1498,1629:788,569:251,904:435,199:91,2982:1594,595:256,766:361,1200:641,3074:1725,1977:958,620:296,958:462,6014:3130,4905:2545,689:359,3181:1593,1361:752,1517:751,1478:776,0:0
